"Compound","C_Label","fraction","tissue","time"
"glutamate",1,0.00091073,"spleen",10
"glutamate",2,0,"spleen",10
"glutamate",3,0.001340773,"spleen",10
"glutamate",4,0,"spleen",10
"glutamate",5,0.010682174,"spleen",10
"succinate",1,0.003111513,"spleen",10
"succinate",2,0.001959084,"spleen",10
"succinate",3,0.000275999,"spleen",10
"succinate",4,0.008356786,"spleen",10
"malate",1,0.002316129,"spleen",10
"malate",2,0.001018823,"spleen",10
"malate",3,0.00038582,"spleen",10
"malate",4,0.006487419,"spleen",10
"aspartate",1,0.002289698,"spleen",10
"aspartate",2,0.00025983,"spleen",10
"aspartate",3,0,"spleen",10
"aspartate",4,0.00300076,"spleen",10
"glutamate",1,0.004311803,"liver",10
"glutamate",2,0.000853857,"liver",10
"glutamate",3,0.002514288,"liver",10
"glutamate",4,0,"liver",10
"glutamate",5,0.020922997,"liver",10
"succinate",1,0.008132249,"liver",10
"succinate",2,0.003384224,"liver",10
"succinate",3,0.003103889,"liver",10
"succinate",4,0.011065933,"liver",10
"malate",1,0.011045378,"liver",10
"malate",2,0.002627209,"liver",10
"malate",3,0.003558997,"liver",10
"malate",4,0.005588166,"liver",10
"aspartate",1,0.003367847,"liver",10
"aspartate",2,0.001457814,"liver",10
"aspartate",3,0.001347138,"liver",10
"aspartate",4,0.003246751,"liver",10
"glutamate",1,0.005332329,"kidney",10
"glutamate",2,0.000956034,"kidney",10
"glutamate",3,0.003270808,"kidney",10
"glutamate",4,0,"kidney",10
"glutamate",5,0.008940483,"kidney",10
"succinate",1,0.009379994,"kidney",10
"succinate",2,0.00395814,"kidney",10
"succinate",3,0.001592961,"kidney",10
"succinate",4,0.006189952,"kidney",10
"malate",1,0.007581408,"kidney",10
"malate",2,0.002892408,"kidney",10
"malate",3,0.001746848,"kidney",10
"malate",4,0.004432807,"kidney",10
"aspartate",1,0.005090154,"kidney",10
"aspartate",2,0.002403791,"kidney",10
"aspartate",3,0.001098739,"kidney",10
"aspartate",4,0.004303565,"kidney",10
"glutamate",1,0.001543151,"lung",10
"glutamate",2,0.000164454,"lung",10
"glutamate",3,0.001247421,"lung",10
"glutamate",4,0,"lung",10
"glutamate",5,0.003484636,"lung",10
"succinate",1,0.003964898,"lung",10
"succinate",2,0.002012571,"lung",10
"succinate",3,0.0006722,"lung",10
"succinate",4,0,"lung",10
"malate",1,0.003235091,"lung",10
"malate",2,0.001198585,"lung",10
"malate",3,0.000867401,"lung",10
"malate",4,0.003145279,"lung",10
"aspartate",1,0.000124907,"lung",10
"aspartate",2,0.000610706,"lung",10
"aspartate",3,0.000108076,"lung",10
"aspartate",4,0.001993774,"lung",10
"glutamate",1,0.000263576,"quad",10
"glutamate",2,0,"quad",10
"glutamate",3,0.000615349,"quad",10
"glutamate",4,0,"quad",10
"glutamate",5,0.003156462,"quad",10
"succinate",1,0.00179498,"quad",10
"succinate",2,0.000859228,"quad",10
"succinate",3,4.91697e-05,"quad",10
"succinate",4,0.001508494,"quad",10
"malate",1,0.001409311,"quad",10
"malate",2,0.000835877,"quad",10
"malate",3,0,"quad",10
"malate",4,0.002047922,"quad",10
"aspartate",1,0.005370302,"quad",10
"aspartate",2,0,"quad",10
"aspartate",3,0,"quad",10
"aspartate",4,0.00176317,"quad",10
"glutamate",1,0.003626694,"intestine",10
"glutamate",2,0.000770187,"intestine",10
"glutamate",3,0.005049992,"intestine",10
"glutamate",4,0,"intestine",10
"glutamate",5,0.015838546,"intestine",10
"succinate",1,0.019764502,"intestine",10
"succinate",2,0.015542756,"intestine",10
"succinate",3,0.003733756,"intestine",10
"succinate",4,0.023067474,"intestine",10
"malate",1,0.011927788,"intestine",10
"malate",2,0.008707348,"intestine",10
"malate",3,0.003505974,"intestine",10
"malate",4,0.017696186,"intestine",10
"aspartate",1,0.00242385,"intestine",10
"aspartate",2,0.002848269,"intestine",10
"aspartate",3,0.000490225,"intestine",10
"aspartate",4,0.008711387,"intestine",10
"glutamate",1,0.008386616,"pancreas",10
"glutamate",2,0.003960932,"pancreas",10
"glutamate",3,0.00985856,"pancreas",10
"glutamate",4,0,"pancreas",10
"glutamate",5,0.047907731,"pancreas",10
"succinate",1,0.011793147,"pancreas",10
"succinate",2,0.011943635,"pancreas",10
"succinate",3,0.007317554,"pancreas",10
"succinate",4,0.028397707,"pancreas",10
"malate",1,0.009097507,"pancreas",10
"malate",2,0.009123846,"pancreas",10
"malate",3,0.007446413,"pancreas",10
"malate",4,0.020567886,"pancreas",10
"aspartate",1,0.007165828,"pancreas",10
"aspartate",2,0.005185414,"pancreas",10
"aspartate",3,0.004359996,"pancreas",10
"aspartate",4,0.017386621,"pancreas",10
"glutamate",1,0.001199733,"spleen",10
"glutamate",2,0,"spleen",10
"glutamate",3,0.000843556,"spleen",10
"glutamate",4,0,"spleen",10
"glutamate",5,0.007348351,"spleen",10
"succinate",1,0.002341143,"spleen",10
"succinate",2,0.001609309,"spleen",10
"succinate",3,0.000315655,"spleen",10
"succinate",4,0.005863163,"spleen",10
"malate",1,0.001647365,"spleen",10
"malate",2,0.000778356,"spleen",10
"malate",3,0.000317999,"spleen",10
"malate",4,0.005251724,"spleen",10
"aspartate",1,0.000387243,"spleen",10
"aspartate",2,6.48813e-05,"spleen",10
"aspartate",3,0,"spleen",10
"aspartate",4,0.002155107,"spleen",10
"glutamate",1,0.002575146,"liver",10
"glutamate",2,0.000279075,"liver",10
"glutamate",3,0.001230641,"liver",10
"glutamate",4,0,"liver",10
"glutamate",5,0.011715923,"liver",10
"succinate",1,0.004571072,"liver",10
"succinate",2,0.001702907,"liver",10
"succinate",3,0.00141202,"liver",10
"succinate",4,0.005813646,"liver",10
"malate",1,0.006956146,"liver",10
"malate",2,0.00096195,"liver",10
"malate",3,0.00174916,"liver",10
"malate",4,0.002702676,"liver",10
"aspartate",1,0,"liver",10
"aspartate",2,0,"liver",10
"aspartate",3,0.000165406,"liver",10
"aspartate",4,0.000728226,"liver",10
"glutamate",1,0.004344555,"kidney",10
"glutamate",2,0.000605761,"kidney",10
"glutamate",3,0.002545161,"kidney",10
"glutamate",4,0,"kidney",10
"glutamate",5,0.008211254,"kidney",10
"succinate",1,0.004955736,"kidney",10
"succinate",2,0.002841691,"kidney",10
"succinate",3,0.001010864,"kidney",10
"succinate",4,0.004858865,"kidney",10
"malate",1,0.005766853,"kidney",10
"malate",2,0.002127954,"kidney",10
"malate",3,0.001250651,"kidney",10
"malate",4,0.003942773,"kidney",10
"aspartate",1,0.002989849,"kidney",10
"aspartate",2,0.001782982,"kidney",10
"aspartate",3,0.000947211,"kidney",10
"aspartate",4,0.003672544,"kidney",10
"glutamate",1,0.001595865,"lung",10
"glutamate",2,0,"lung",10
"glutamate",3,0.0006148,"lung",10
"glutamate",4,0,"lung",10
"glutamate",5,0.002859308,"lung",10
"succinate",1,0.001718868,"lung",10
"succinate",2,0.001230094,"lung",10
"succinate",3,3.80874e-05,"lung",10
"succinate",4,0,"lung",10
"malate",1,0.002239572,"lung",10
"malate",2,0.000541182,"lung",10
"malate",3,0.00035821,"lung",10
"malate",4,0.002358303,"lung",10
"aspartate",1,0,"lung",10
"aspartate",2,0.000157041,"lung",10
"aspartate",3,3.46605e-05,"lung",10
"aspartate",4,0.001693382,"lung",10
"glutamate",1,0.00312595,"quad",10
"glutamate",2,0,"quad",10
"glutamate",3,0,"quad",10
"glutamate",4,0,"quad",10
"glutamate",5,0.002677173,"quad",10
"succinate",1,0.002693646,"quad",10
"succinate",2,0.00041848,"quad",10
"succinate",3,1.63872e-05,"quad",10
"succinate",4,0,"quad",10
"malate",1,0.001090966,"quad",10
"malate",2,0.000164019,"quad",10
"malate",3,0,"quad",10
"malate",4,0.001316413,"quad",10
"aspartate",1,0,"quad",10
"aspartate",2,0,"quad",10
"aspartate",3,0,"quad",10
"aspartate",4,0,"quad",10
"glutamate",1,0.002710505,"intestine",10
"glutamate",2,0.00035295,"intestine",10
"glutamate",3,0.00481617,"intestine",10
"glutamate",4,0,"intestine",10
"glutamate",5,0.013202389,"intestine",10
"succinate",1,0.0141671,"intestine",10
"succinate",2,0.011808373,"intestine",10
"succinate",3,0.002625568,"intestine",10
"succinate",4,0.01795446,"intestine",10
"malate",1,0.008305916,"intestine",10
"malate",2,0.00600274,"intestine",10
"malate",3,0.002602799,"intestine",10
"malate",4,0.012617768,"intestine",10
"aspartate",1,0.000542404,"intestine",10
"aspartate",2,0.001038275,"intestine",10
"aspartate",3,0,"intestine",10
"aspartate",4,0.007121965,"intestine",10
"glutamate",1,0.008717993,"pancreas",10
"glutamate",2,0.001696483,"pancreas",10
"glutamate",3,0.005188811,"pancreas",10
"glutamate",4,0,"pancreas",10
"glutamate",5,0.027612234,"pancreas",10
"succinate",1,0.006426908,"pancreas",10
"succinate",2,0.006889811,"pancreas",10
"succinate",3,0.003450819,"pancreas",10
"succinate",4,0.015805238,"pancreas",10
"malate",1,0.007334917,"pancreas",10
"malate",2,0.004501015,"pancreas",10
"malate",3,0.003847092,"pancreas",10
"malate",4,0.011338317,"pancreas",10
"aspartate",1,0.001994576,"pancreas",10
"aspartate",2,0.002311624,"pancreas",10
"aspartate",3,0.001326405,"pancreas",10
"aspartate",4,0.008022689,"pancreas",10
"glutamate",1,0.012944953,"spleen",75
"glutamate",2,0.004563183,"spleen",75
"glutamate",3,0.014300394,"spleen",75
"glutamate",4,0,"spleen",75
"glutamate",5,0.024395131,"spleen",75
"succinate",1,0.016847394,"spleen",75
"succinate",2,0.014525116,"spleen",75
"succinate",3,0.000563676,"spleen",75
"succinate",4,0.019750237,"spleen",75
"malate",1,0.016150371,"spleen",75
"malate",2,0.013722365,"spleen",75
"malate",3,0.001490926,"spleen",75
"malate",4,0.02242172,"spleen",75
"aspartate",1,0.013414837,"spleen",75
"aspartate",2,0.013283194,"spleen",75
"aspartate",3,0.000932337,"spleen",75
"aspartate",4,0.019398922,"spleen",75
"glutamate",1,0.006250879,"liver",75
"glutamate",2,0.002138429,"liver",75
"glutamate",3,0.005504688,"liver",75
"glutamate",4,0,"liver",75
"glutamate",5,0.022101176,"liver",75
"succinate",1,0.012887723,"liver",75
"succinate",2,0.005524791,"liver",75
"succinate",3,0.003088936,"liver",75
"succinate",4,0.011350257,"liver",75
"malate",1,0.014599627,"liver",75
"malate",2,0.003917177,"liver",75
"malate",3,0.004147667,"liver",75
"malate",4,0.005300056,"liver",75
"aspartate",1,0.011555056,"liver",75
"aspartate",2,0.002526576,"liver",75
"aspartate",3,0.000719357,"liver",75
"aspartate",4,0.003833156,"liver",75
"glutamate",1,0.009712694,"kidney",75
"glutamate",2,0.002186656,"kidney",75
"glutamate",3,0.004321544,"kidney",75
"glutamate",4,0,"kidney",75
"glutamate",5,0.009825398,"kidney",75
"succinate",1,0.010819055,"kidney",75
"succinate",2,0.004458631,"kidney",75
"succinate",3,0.001115069,"kidney",75
"succinate",4,0.005006062,"kidney",75
"malate",1,0.011643415,"kidney",75
"malate",2,0.003574175,"kidney",75
"malate",3,0.001315501,"kidney",75
"malate",4,0.004799309,"kidney",75
"aspartate",1,0.00454406,"kidney",75
"aspartate",2,0.003722429,"kidney",75
"aspartate",3,0.00075821,"kidney",75
"aspartate",4,0.004175436,"kidney",75
"glutamate",1,0.008856262,"lung",75
"glutamate",2,0.002369902,"lung",75
"glutamate",3,0.006240758,"lung",75
"glutamate",4,0,"lung",75
"glutamate",5,0.008573484,"lung",75
"succinate",1,0.006088323,"lung",75
"succinate",2,0.005118191,"lung",75
"succinate",3,0.000633092,"lung",75
"succinate",4,0,"lung",75
"malate",1,0.010052184,"lung",75
"malate",2,0.00477745,"lung",75
"malate",3,0.001034823,"lung",75
"malate",4,0.006458766,"lung",75
"aspartate",1,0.007524727,"lung",75
"aspartate",2,0.005155744,"lung",75
"aspartate",3,0.000630274,"lung",75
"aspartate",4,0.006236088,"lung",75
"glutamate",1,0.006883404,"quad",75
"glutamate",2,0.001521656,"quad",75
"glutamate",3,0.005750621,"quad",75
"glutamate",4,0,"quad",75
"glutamate",5,0.013253488,"quad",75
"succinate",1,0.009149494,"quad",75
"succinate",2,0.004812151,"quad",75
"succinate",3,0.000132495,"quad",75
"succinate",4,0.007041918,"quad",75
"malate",1,0.008934367,"quad",75
"malate",2,0.005022867,"quad",75
"malate",3,0.000441286,"quad",75
"malate",4,0.007347577,"quad",75
"aspartate",1,0.009018521,"quad",75
"aspartate",2,0.003687223,"quad",75
"aspartate",3,0,"quad",75
"aspartate",4,0.007257056,"quad",75
"glutamate",1,0.017202504,"intestine",75
"glutamate",2,0.005979361,"intestine",75
"glutamate",3,0.015952424,"intestine",75
"glutamate",4,0,"intestine",75
"glutamate",5,0.028656674,"intestine",75
"succinate",1,0.02501199,"intestine",75
"succinate",2,0.01894686,"intestine",75
"succinate",3,0.00458807,"intestine",75
"succinate",4,0.027611417,"intestine",75
"malate",1,0.022612076,"intestine",75
"malate",2,0.016855574,"intestine",75
"malate",3,0.004085437,"intestine",75
"malate",4,0.024339505,"intestine",75
"aspartate",1,0.016308863,"intestine",75
"aspartate",2,0.012991867,"intestine",75
"aspartate",3,0.000961668,"intestine",75
"aspartate",4,0.019725246,"intestine",75
"glutamate",1,0.020312752,"pancreas",75
"glutamate",2,0.010347455,"pancreas",75
"glutamate",3,0.018927586,"pancreas",75
"glutamate",4,0,"pancreas",75
"glutamate",5,0.062050313,"pancreas",75
"succinate",1,0.028928343,"pancreas",75
"succinate",2,0.022958252,"pancreas",75
"succinate",3,0.011159749,"pancreas",75
"succinate",4,0.038789779,"pancreas",75
"malate",1,0.025591173,"pancreas",75
"malate",2,0.020005828,"pancreas",75
"malate",3,0.01137595,"pancreas",75
"malate",4,0.032345431,"pancreas",75
"aspartate",1,0.02092231,"pancreas",75
"aspartate",2,0.018736468,"pancreas",75
"aspartate",3,0.008449625,"pancreas",75
"aspartate",4,0.029624406,"pancreas",75
"glutamate",1,0.01087827,"spleen",75
"glutamate",2,0.003718656,"spleen",75
"glutamate",3,0.011539136,"spleen",75
"glutamate",4,0,"spleen",75
"glutamate",5,0.018373102,"spleen",75
"succinate",1,0.014219016,"spleen",75
"succinate",2,0.0123703,"spleen",75
"succinate",3,0.000967716,"spleen",75
"succinate",4,0.015728313,"spleen",75
"malate",1,0.012916626,"spleen",75
"malate",2,0.011151962,"spleen",75
"malate",3,0.001454796,"spleen",75
"malate",4,0.017186594,"spleen",75
"aspartate",1,0.010709147,"spleen",75
"aspartate",2,0.010226174,"spleen",75
"aspartate",3,0.000806615,"spleen",75
"aspartate",4,0.015912728,"spleen",75
"glutamate",1,0.00802692,"liver",75
"glutamate",2,0.002808505,"liver",75
"glutamate",3,0.005653282,"liver",75
"glutamate",4,0,"liver",75
"glutamate",5,0.025389303,"liver",75
"succinate",1,0.015384388,"liver",75
"succinate",2,0.006568596,"liver",75
"succinate",3,0.003851043,"liver",75
"succinate",4,0.013383196,"liver",75
"malate",1,0.018835795,"liver",75
"malate",2,0.004357726,"liver",75
"malate",3,0.004912828,"liver",75
"malate",4,0.00639385,"liver",75
"aspartate",1,0.010122054,"liver",75
"aspartate",2,0.003147929,"liver",75
"aspartate",3,0.002756942,"liver",75
"aspartate",4,0.004146203,"liver",75
"glutamate",1,0.00946137,"kidney",75
"glutamate",2,0.002569062,"kidney",75
"glutamate",3,0.004539935,"kidney",75
"glutamate",4,0,"kidney",75
"glutamate",5,0.009052797,"kidney",75
"succinate",1,0.011981692,"kidney",75
"succinate",2,0.004210432,"kidney",75
"succinate",3,0.001301233,"kidney",75
"succinate",4,0.004237321,"kidney",75
"malate",1,0.011450522,"kidney",75
"malate",2,0.003790457,"kidney",75
"malate",3,0.001374214,"kidney",75
"malate",4,0.004174035,"kidney",75
"aspartate",1,0.008427708,"kidney",75
"aspartate",2,0.003926057,"kidney",75
"aspartate",3,0.001092703,"kidney",75
"aspartate",4,0.003466595,"kidney",75
"glutamate",1,0.008539704,"lung",75
"glutamate",2,0.002285661,"lung",75
"glutamate",3,0.005957711,"lung",75
"glutamate",4,0,"lung",75
"glutamate",5,0.006826656,"lung",75
"succinate",1,0.008796472,"lung",75
"succinate",2,0.005730825,"lung",75
"succinate",3,0.000555632,"lung",75
"succinate",4,0.001644399,"lung",75
"malate",1,0.01142046,"lung",75
"malate",2,0.004608639,"lung",75
"malate",3,0.00120047,"lung",75
"malate",4,0.005403,"lung",75
"aspartate",1,0.009309345,"lung",75
"aspartate",2,0.004531012,"lung",75
"aspartate",3,0.000400647,"lung",75
"aspartate",4,0.005753465,"lung",75
"glutamate",1,0.009104553,"quad",75
"glutamate",2,0.001562888,"quad",75
"glutamate",3,0.004271122,"quad",75
"glutamate",4,0,"quad",75
"glutamate",5,0.011713158,"quad",75
"succinate",1,0.007726531,"quad",75
"succinate",2,0.00434275,"quad",75
"succinate",3,6.10952e-05,"quad",75
"succinate",4,0.004730686,"quad",75
"malate",1,0.007054848,"quad",75
"malate",2,0.004431848,"quad",75
"malate",3,0.000320596,"quad",75
"malate",4,0.004936245,"quad",75
"aspartate",1,0.006038795,"quad",75
"aspartate",2,0.00326329,"quad",75
"aspartate",3,0,"quad",75
"aspartate",4,0.005360798,"quad",75
"glutamate",1,0.016563277,"intestine",75
"glutamate",2,0.005845754,"intestine",75
"glutamate",3,0.012403101,"intestine",75
"glutamate",4,0,"intestine",75
"glutamate",5,0.020211202,"intestine",75
"succinate",1,0.024950537,"intestine",75
"succinate",2,0.017801817,"intestine",75
"succinate",3,0.002524521,"intestine",75
"succinate",4,0.022669657,"intestine",75
"malate",1,0.020663668,"intestine",75
"malate",2,0.013471584,"intestine",75
"malate",3,0.003505288,"intestine",75
"malate",4,0.01847879,"intestine",75
"aspartate",1,0.012525012,"intestine",75
"aspartate",2,0.012695852,"intestine",75
"aspartate",3,0.000910796,"intestine",75
"aspartate",4,0.015584816,"intestine",75
"glutamate",1,0.020343306,"pancreas",75
"glutamate",2,0.009909378,"pancreas",75
"glutamate",3,0.017256022,"pancreas",75
"glutamate",4,0,"pancreas",75
"glutamate",5,0.056508957,"pancreas",75
"succinate",1,0.025892746,"pancreas",75
"succinate",2,0.021235098,"pancreas",75
"succinate",3,0.010436472,"pancreas",75
"succinate",4,0.033993972,"pancreas",75
"malate",1,0.027149068,"pancreas",75
"malate",2,0.018000959,"pancreas",75
"malate",3,0.011408544,"pancreas",75
"malate",4,0.027950653,"pancreas",75
"aspartate",1,0.020151304,"pancreas",75
"aspartate",2,0.016150106,"pancreas",75
"aspartate",3,0.008890491,"pancreas",75
"aspartate",4,0.023012188,"pancreas",75
"glutamate",1,0.003926186,"spleen",25
"glutamate",2,0.000887733,"spleen",25
"glutamate",3,0.005990042,"spleen",25
"glutamate",4,0,"spleen",25
"glutamate",5,0.01618545,"spleen",25
"succinate",1,0.005287357,"spleen",25
"succinate",2,0.007190139,"spleen",25
"succinate",3,0.000415123,"spleen",25
"succinate",4,0.016018159,"spleen",25
"malate",1,0.005686717,"spleen",25
"malate",2,0.005683957,"spleen",25
"malate",3,0.00052896,"spleen",25
"malate",4,0.013377086,"spleen",25
"aspartate",1,0.002293408,"spleen",25
"aspartate",2,0.003941023,"spleen",25
"aspartate",3,0.000107512,"spleen",25
"aspartate",4,0.010084733,"spleen",25
"glutamate",1,0.003349529,"spleen",25
"glutamate",2,0.001477746,"spleen",25
"glutamate",3,0.008362696,"spleen",25
"glutamate",4,0,"spleen",25
"glutamate",5,0.022069835,"spleen",25
"succinate",1,0.006210595,"spleen",25
"succinate",2,0.009470378,"spleen",25
"succinate",3,0.000235269,"spleen",25
"succinate",4,0.019340785,"spleen",25
"malate",1,0.006951174,"spleen",25
"malate",2,0.007432944,"spleen",25
"malate",3,0.000183273,"spleen",25
"malate",4,0.017274078,"spleen",25
"aspartate",1,0.004025038,"spleen",25
"aspartate",2,0.004954405,"spleen",25
"aspartate",3,0.000479483,"spleen",25
"aspartate",4,0.015105205,"spleen",25
"glutamate",1,0.002866522,"quad",25
"glutamate",2,0.000859423,"quad",25
"glutamate",3,0.002691655,"quad",25
"glutamate",4,0,"quad",25
"glutamate",5,0.007107309,"quad",25
"succinate",1,0.003756174,"quad",25
"succinate",2,0.002084271,"quad",25
"succinate",3,7.98312e-06,"quad",25
"succinate",4,0.004169001,"quad",25
"malate",1,0.003124825,"quad",25
"malate",2,0.001752638,"quad",25
"malate",3,0,"quad",25
"malate",4,0.003570677,"quad",25
"aspartate",1,0,"quad",25
"aspartate",2,0.001275468,"quad",25
"aspartate",3,0,"quad",25
"aspartate",4,0.001079403,"quad",25
"glutamate",1,0.005884006,"quad",25
"glutamate",2,0.00159812,"quad",25
"glutamate",3,0.003258441,"quad",25
"glutamate",4,0,"quad",25
"glutamate",5,0.012633342,"quad",25
"succinate",1,0.005749091,"quad",25
"succinate",2,0.002768411,"quad",25
"succinate",3,1.92502e-05,"quad",25
"succinate",4,0.005709702,"quad",25
"malate",1,0.003338769,"quad",25
"malate",2,0.003195638,"quad",25
"malate",3,0,"quad",25
"malate",4,0.008520801,"quad",25
"aspartate",1,0,"quad",25
"aspartate",2,0.000528914,"quad",25
"aspartate",3,0,"quad",25
"aspartate",4,0.00210786,"quad",25
"glutamate",1,0.019480896,"pancreas",25
"glutamate",2,0.011084014,"pancreas",25
"glutamate",3,0.017670985,"pancreas",25
"glutamate",4,0,"pancreas",25
"glutamate",5,0.060882783,"pancreas",25
"succinate",1,0.027331661,"pancreas",25
"succinate",2,0.023668073,"pancreas",25
"succinate",3,0.00873551,"pancreas",25
"succinate",4,0.044402451,"pancreas",25
"malate",1,0.023998367,"pancreas",25
"malate",2,0.01949821,"pancreas",25
"malate",3,0.011457308,"pancreas",25
"malate",4,0.030521044,"pancreas",25
"aspartate",1,0.016756846,"pancreas",25
"aspartate",2,0.020108914,"pancreas",25
"aspartate",3,0.010365489,"pancreas",25
"aspartate",4,0.026487255,"pancreas",25
"glutamate",1,0.019177461,"pancreas",25
"glutamate",2,0.011247884,"pancreas",25
"glutamate",3,0.018117353,"pancreas",25
"glutamate",4,0,"pancreas",25
"glutamate",5,0.074450182,"pancreas",25
"succinate",1,0.028769353,"pancreas",25
"succinate",2,0.022505133,"pancreas",25
"succinate",3,0.012276168,"pancreas",25
"succinate",4,0.044137104,"pancreas",25
"malate",1,0.024825023,"pancreas",25
"malate",2,0.018562183,"pancreas",25
"malate",3,0.012530292,"pancreas",25
"malate",4,0.032487323,"pancreas",25
"aspartate",1,0.02013477,"pancreas",25
"aspartate",2,0.015461164,"pancreas",25
"aspartate",3,0.00675354,"pancreas",25
"aspartate",4,0.029686026,"pancreas",25
"glutamate",1,0.006814936,"lung",25
"glutamate",2,0.000925264,"lung",25
"glutamate",3,0.004166148,"lung",25
"glutamate",4,0,"lung",25
"glutamate",5,0.006929068,"lung",25
"succinate",1,0.005669621,"lung",25
"succinate",2,0.004725546,"lung",25
"succinate",3,0.000100529,"lung",25
"succinate",4,0.00601531,"lung",25
"malate",1,0.006987934,"lung",25
"malate",2,0.003401098,"lung",25
"malate",3,0.000911426,"lung",25
"malate",4,0.005058758,"lung",25
"aspartate",1,0.004032968,"lung",25
"aspartate",2,0.00340744,"lung",25
"aspartate",3,0.000958246,"lung",25
"aspartate",4,0.004964693,"lung",25
"glutamate",1,0.003610469,"lung",25
"glutamate",2,0.001596871,"lung",25
"glutamate",3,0.005492311,"lung",25
"glutamate",4,0,"lung",25
"glutamate",5,0.011322542,"lung",25
"succinate",1,0.007060998,"lung",25
"succinate",2,0.005617905,"lung",25
"succinate",3,0.000330109,"lung",25
"succinate",4,0.008375598,"lung",25
"malate",1,0.008707482,"lung",25
"malate",2,0.004503539,"lung",25
"malate",3,0.001052786,"lung",25
"malate",4,0.007420475,"lung",25
"aspartate",1,0.004953605,"lung",25
"aspartate",2,0.003914806,"lung",25
"aspartate",3,0.000157238,"lung",25
"aspartate",4,0.006554272,"lung",25
"glutamate",1,0.009581088,"liver",25
"glutamate",2,0.002187678,"liver",25
"glutamate",3,0.005990851,"liver",25
"glutamate",4,0,"liver",25
"glutamate",5,0.02994161,"liver",25
"succinate",1,0.012286811,"liver",25
"succinate",2,0.005327467,"liver",25
"succinate",3,0.004297666,"liver",25
"succinate",4,0.013853212,"liver",25
"malate",1,0.013086396,"liver",25
"malate",2,0.003786994,"liver",25
"malate",3,0.005033038,"liver",25
"malate",4,0.009207951,"liver",25
"aspartate",1,0.007143022,"liver",25
"aspartate",2,0.001923302,"liver",25
"aspartate",3,0.001455121,"liver",25
"aspartate",4,0.004569081,"liver",25
"glutamate",1,0.00640455,"liver",25
"glutamate",2,0.001722005,"liver",25
"glutamate",3,0.004609876,"liver",25
"glutamate",4,0,"liver",25
"glutamate",5,0.029857795,"liver",25
"succinate",1,0.013655327,"liver",25
"succinate",2,0.004110198,"liver",25
"succinate",3,0.003232585,"liver",25
"succinate",4,0.012476484,"liver",25
"malate",1,0.014835255,"liver",25
"malate",2,0.00326087,"liver",25
"malate",3,0.003471163,"liver",25
"malate",4,0.007793127,"liver",25
"aspartate",1,0.010889104,"liver",25
"aspartate",2,0.002470387,"liver",25
"aspartate",3,0.002439804,"liver",25
"aspartate",4,0.004381755,"liver",25
"glutamate",1,0.009380218,"kidney",25
"glutamate",2,0.002294577,"kidney",25
"glutamate",3,0.005784957,"kidney",25
"glutamate",4,0,"kidney",25
"glutamate",5,0.013708692,"kidney",25
"succinate",1,0.012091558,"kidney",25
"succinate",2,0.005181692,"kidney",25
"succinate",3,0.001504116,"kidney",25
"succinate",4,0.007608195,"kidney",25
"malate",1,0.011082009,"kidney",25
"malate",2,0.004573866,"kidney",25
"malate",3,0.001745601,"kidney",25
"malate",4,0.006019499,"kidney",25
"aspartate",1,0.010436876,"kidney",25
"aspartate",2,0.004280904,"kidney",25
"aspartate",3,0.001493807,"kidney",25
"aspartate",4,0.006302242,"kidney",25
"glutamate",1,0.008725589,"kidney",25
"glutamate",2,0.002509843,"kidney",25
"glutamate",3,0.005231177,"kidney",25
"glutamate",4,0,"kidney",25
"glutamate",5,0.013152124,"kidney",25
"succinate",1,0.012689765,"kidney",25
"succinate",2,0.005014137,"kidney",25
"succinate",3,0.001209915,"kidney",25
"succinate",4,0.006678947,"kidney",25
"malate",1,0.011712442,"kidney",25
"malate",2,0.004106209,"kidney",25
"malate",3,0.001732071,"kidney",25
"malate",4,0.005332187,"kidney",25
"aspartate",1,0.006797315,"kidney",25
"aspartate",2,0.004275602,"kidney",25
"aspartate",3,0.000768192,"kidney",25
"aspartate",4,0.006213575,"kidney",25
"glutamate",1,0.014754378,"intestine",25
"glutamate",2,0.005176519,"intestine",25
"glutamate",3,0.01531474,"intestine",25
"glutamate",4,0,"intestine",25
"glutamate",5,0.025832945,"intestine",25
"succinate",1,0.024367241,"intestine",25
"succinate",2,0.019283146,"intestine",25
"succinate",3,0.002841138,"intestine",25
"succinate",4,0.027293983,"intestine",25
"malate",1,0.020889031,"intestine",25
"malate",2,0.01605368,"intestine",25
"malate",3,0.003501244,"intestine",25
"malate",4,0.022579112,"intestine",25
"aspartate",1,0.012564164,"intestine",25
"aspartate",2,0.01004835,"intestine",25
"aspartate",3,0.000613522,"intestine",25
"aspartate",4,0.016371319,"intestine",25
"glutamate",1,0.015187622,"intestine",25
"glutamate",2,0.005653357,"intestine",25
"glutamate",3,0.016090459,"intestine",25
"glutamate",4,0,"intestine",25
"glutamate",5,0.027580341,"intestine",25
"succinate",1,0.029772505,"intestine",25
"succinate",2,0.023586378,"intestine",25
"succinate",3,0.005079876,"intestine",25
"succinate",4,0.035724478,"intestine",25
"malate",1,0.021572586,"intestine",25
"malate",2,0.018323639,"intestine",25
"malate",3,0.004142447,"intestine",25
"malate",4,0.026279964,"intestine",25
"aspartate",1,0.014081362,"intestine",25
"aspartate",2,0.013818527,"intestine",25
"aspartate",3,0,"intestine",25
"aspartate",4,0.021448425,"intestine",25
"glutamate",1,0.024362571,"spleen",150
"glutamate",2,0.008316295,"spleen",150
"glutamate",3,0.01799915,"spleen",150
"glutamate",4,0,"spleen",150
"glutamate",5,0.028494779,"spleen",150
"succinate",1,0.026387433,"spleen",150
"succinate",2,0.020834966,"spleen",150
"succinate",3,0.000549565,"spleen",150
"succinate",4,0.028762756,"spleen",150
"malate",1,0.026968678,"spleen",150
"malate",2,0.01931382,"spleen",150
"malate",3,0.00228357,"spleen",150
"malate",4,0.02501801,"spleen",150
"aspartate",1,0.026388147,"spleen",150
"aspartate",2,0.02013677,"spleen",150
"aspartate",3,0.002135768,"spleen",150
"aspartate",4,0.027012755,"spleen",150
"glutamate",1,0.015602944,"quad",150
"glutamate",2,0.003109747,"quad",150
"glutamate",3,0.005777265,"quad",150
"glutamate",4,0,"quad",150
"glutamate",5,0.013375888,"quad",150
"succinate",1,0.014348339,"quad",150
"succinate",2,0.006696124,"quad",150
"succinate",3,0.000140601,"quad",150
"succinate",4,0.009355175,"quad",150
"malate",1,0.01551255,"quad",150
"malate",2,0.006490489,"quad",150
"malate",3,0.000417018,"quad",150
"malate",4,0.00822786,"quad",150
"aspartate",1,0.01099111,"quad",150
"aspartate",2,0.007054987,"quad",150
"aspartate",3,0.000136649,"quad",150
"aspartate",4,0.007181209,"quad",150
"glutamate",1,0.029125137,"pancreas",150
"glutamate",2,0.015699433,"pancreas",150
"glutamate",3,0.020236355,"pancreas",150
"glutamate",4,0,"pancreas",150
"glutamate",5,0.06968862,"pancreas",150
"succinate",1,0.038733892,"pancreas",150
"succinate",2,0.028270825,"pancreas",150
"succinate",3,0.011111414,"pancreas",150
"succinate",4,0.046580499,"pancreas",150
"malate",1,0.037939602,"pancreas",150
"malate",2,0.024089287,"pancreas",150
"malate",3,0.015072642,"pancreas",150
"malate",4,0.031960048,"pancreas",150
"aspartate",1,0.02895569,"pancreas",150
"aspartate",2,0.02337114,"pancreas",150
"aspartate",3,0.011542274,"pancreas",150
"aspartate",4,0.027455006,"pancreas",150
"glutamate",1,0.017263106,"lung",150
"glutamate",2,0.00510006,"lung",150
"glutamate",3,0.009485835,"lung",150
"glutamate",4,0,"lung",150
"glutamate",5,0.01297248,"lung",150
"succinate",1,0.018520286,"lung",150
"succinate",2,0.009566115,"lung",150
"succinate",3,0.001630209,"lung",150
"succinate",4,0.012743092,"lung",150
"malate",1,0.017436441,"lung",150
"malate",2,0.008272161,"lung",150
"malate",3,0.002162905,"lung",150
"malate",4,0.009585796,"lung",150
"aspartate",1,0.017439686,"lung",150
"aspartate",2,0.008895445,"lung",150
"aspartate",3,0.001273695,"lung",150
"aspartate",4,0.010281147,"lung",150
"glutamate",1,0.017906843,"liver",150
"glutamate",2,0.005516568,"liver",150
"glutamate",3,0.007953262,"liver",150
"glutamate",4,0,"liver",150
"glutamate",5,0.029910243,"liver",150
"succinate",1,0.020618316,"liver",150
"succinate",2,0.009633866,"liver",150
"succinate",3,0.004127753,"liver",150
"succinate",4,0.018079388,"liver",150
"malate",1,0.031328644,"liver",150
"malate",2,0.007314957,"liver",150
"malate",3,0.006315642,"liver",150
"malate",4,0.007164471,"liver",150
"aspartate",1,0.01349178,"liver",150
"aspartate",2,0.006983991,"liver",150
"aspartate",3,0.000285779,"liver",150
"aspartate",4,0.007413546,"liver",150
"glutamate",1,0.019236684,"kidney",150
"glutamate",2,0.00490189,"kidney",150
"glutamate",3,0.0079434,"kidney",150
"glutamate",4,0,"kidney",150
"glutamate",5,0.017954079,"kidney",150
"succinate",1,0.019888269,"kidney",150
"succinate",2,0.008736093,"kidney",150
"succinate",3,0.001896399,"kidney",150
"succinate",4,0.011262509,"kidney",150
"malate",1,0.020212826,"kidney",150
"malate",2,0.008066877,"kidney",150
"malate",3,0.002499975,"kidney",150
"malate",4,0.009334828,"kidney",150
"aspartate",1,0.017747839,"kidney",150
"aspartate",2,0.008222804,"kidney",150
"aspartate",3,0.002000769,"kidney",150
"aspartate",4,0.007919288,"kidney",150
"glutamate",1,0.028703787,"intestine",150
"glutamate",2,0.010765906,"intestine",150
"glutamate",3,0.019137488,"intestine",150
"glutamate",4,0,"intestine",150
"glutamate",5,0.031729515,"intestine",150
"succinate",1,0.032993244,"intestine",150
"succinate",2,0.024350504,"intestine",150
"succinate",3,0.002638455,"intestine",150
"succinate",4,0.031081513,"intestine",150
"malate",1,0.032566454,"intestine",150
"malate",2,0.02014972,"intestine",150
"malate",3,0.004412361,"intestine",150
"malate",4,0.024606393,"intestine",150
"aspartate",1,0.029730174,"intestine",150
"aspartate",2,0.020213574,"intestine",150
"aspartate",3,0.002533363,"intestine",150
"aspartate",4,0.024653178,"intestine",150
"glutamate",1,0.024366209,"spleen",150
"glutamate",2,0.008483285,"spleen",150
"glutamate",3,0.018136827,"spleen",150
"glutamate",4,0,"spleen",150
"glutamate",5,0.033735929,"spleen",150
"succinate",1,0.028441926,"spleen",150
"succinate",2,0.020856513,"spleen",150
"succinate",3,0.001234441,"spleen",150
"succinate",4,0.029813208,"spleen",150
"malate",1,0.028870744,"spleen",150
"malate",2,0.020162546,"spleen",150
"malate",3,0.003068736,"spleen",150
"malate",4,0.027721357,"spleen",150
"aspartate",1,0.027145765,"spleen",150
"aspartate",2,0.019530922,"spleen",150
"aspartate",3,0.002435391,"spleen",150
"aspartate",4,0.026244981,"spleen",150
"glutamate",1,0.016190133,"quad",150
"glutamate",2,0.00335252,"quad",150
"glutamate",3,0.006452984,"quad",150
"glutamate",4,0,"quad",150
"glutamate",5,0.009266345,"quad",150
"succinate",1,0.013955101,"quad",150
"succinate",2,0.006581496,"quad",150
"succinate",3,0.000185585,"quad",150
"succinate",4,0.005606888,"quad",150
"malate",1,0.013350371,"quad",150
"malate",2,0.005945809,"quad",150
"malate",3,0.000522081,"quad",150
"malate",4,0.005166156,"quad",150
"aspartate",1,0.007903443,"quad",150
"aspartate",2,0.002979848,"quad",150
"aspartate",3,0,"quad",150
"aspartate",4,0.00550469,"quad",150
"glutamate",1,0.027746947,"pancreas",150
"glutamate",2,0.014606172,"pancreas",150
"glutamate",3,0.022301253,"pancreas",150
"glutamate",4,0,"pancreas",150
"glutamate",5,0.079303751,"pancreas",150
"succinate",1,0.035299213,"pancreas",150
"succinate",2,0.027884335,"pancreas",150
"succinate",3,0.011784575,"pancreas",150
"succinate",4,0.049022346,"pancreas",150
"malate",1,0.034160458,"pancreas",150
"malate",2,0.023930704,"pancreas",150
"malate",3,0.014295935,"pancreas",150
"malate",4,0.036720499,"pancreas",150
"aspartate",1,0.033199313,"pancreas",150
"aspartate",2,0.021750719,"pancreas",150
"aspartate",3,0.011915654,"pancreas",150
"aspartate",4,0.033540399,"pancreas",150
"glutamate",1,0.015261284,"lung",150
"glutamate",2,0.004054132,"lung",150
"glutamate",3,0.007193947,"lung",150
"glutamate",4,0,"lung",150
"glutamate",5,0.009252021,"lung",150
"succinate",1,0.01238423,"lung",150
"succinate",2,0.008521594,"lung",150
"succinate",3,0.000259544,"lung",150
"succinate",4,0.007757252,"lung",150
"malate",1,0.018336521,"lung",150
"malate",2,0.007406667,"lung",150
"malate",3,0.001543657,"lung",150
"malate",4,0.007036181,"lung",150
"aspartate",1,0.014578343,"lung",150
"aspartate",2,0.006763607,"lung",150
"aspartate",3,0.001444803,"lung",150
"aspartate",4,0.008077062,"lung",150
"glutamate",1,0.016893766,"liver",150
"glutamate",2,0.006898466,"liver",150
"glutamate",3,0.007831489,"liver",150
"glutamate",4,0,"liver",150
"glutamate",5,0.037619572,"liver",150
"succinate",1,0.022666745,"liver",150
"succinate",2,0.01097431,"liver",150
"succinate",3,0.005812026,"liver",150
"succinate",4,0.02224608,"liver",150
"malate",1,0.028938896,"liver",150
"malate",2,0.007728433,"liver",150
"malate",3,0.008264782,"liver",150
"malate",4,0.009719106,"liver",150
"aspartate",1,0.014641677,"liver",150
"aspartate",2,0.004440189,"liver",150
"aspartate",3,0.003150116,"liver",150
"aspartate",4,0.007511768,"liver",150
"glutamate",1,0.015155111,"kidney",150
"glutamate",2,0.00461873,"kidney",150
"glutamate",3,0.007400756,"kidney",150
"glutamate",4,0,"kidney",150
"glutamate",5,0.015593232,"kidney",150
"succinate",1,0.02169906,"kidney",150
"succinate",2,0.00812141,"kidney",150
"succinate",3,0.002416742,"kidney",150
"succinate",4,0.009819857,"kidney",150
"malate",1,0.018728206,"kidney",150
"malate",2,0.00740789,"kidney",150
"malate",3,0.002652786,"kidney",150
"malate",4,0.007622248,"kidney",150
"aspartate",1,0.020446098,"kidney",150
"aspartate",2,0.006425108,"kidney",150
"aspartate",3,0.001453628,"kidney",150
"aspartate",4,0.007583885,"kidney",150
"glutamate",1,0.027636016,"intestine",150
"glutamate",2,0.008839581,"intestine",150
"glutamate",3,0.016342481,"intestine",150
"glutamate",4,0,"intestine",150
"glutamate",5,0.025749153,"intestine",150
"succinate",1,0.028750533,"intestine",150
"succinate",2,0.01871887,"intestine",150
"succinate",3,0.001677963,"intestine",150
"succinate",4,0.021373859,"intestine",150
"malate",1,0.026030009,"intestine",150
"malate",2,0.016653736,"intestine",150
"malate",3,0.002576657,"intestine",150
"malate",4,0.01940892,"intestine",150
"aspartate",1,0.037822998,"intestine",150
"aspartate",2,0.016644787,"intestine",150
"aspartate",3,0.002556652,"intestine",150
"aspartate",4,0.026887617,"intestine",150
"glutamate",1,0.000591744,"spleen",5
"glutamate",2,0,"spleen",5
"glutamate",3,0.001020737,"spleen",5
"glutamate",4,0,"spleen",5
"glutamate",5,0.012283816,"spleen",5
"succinate",1,0.00289407,"spleen",5
"succinate",2,0.00288554,"spleen",5
"succinate",3,0,"spleen",5
"succinate",4,0.013013061,"spleen",5
"malate",1,0.001814241,"spleen",5
"malate",2,0.001349395,"spleen",5
"malate",3,0.001270075,"spleen",5
"malate",4,0.007678098,"spleen",5
"aspartate",1,0,"spleen",5
"aspartate",2,4.78924e-05,"spleen",5
"aspartate",3,0,"spleen",5
"aspartate",4,0.001743617,"spleen",5
"glutamate",1,0.000997346,"quad",5
"glutamate",2,0,"quad",5
"glutamate",3,0.000157974,"quad",5
"glutamate",4,0,"quad",5
"glutamate",5,0.001593768,"quad",5
"succinate",1,0.001949374,"quad",5
"succinate",2,0.000228266,"quad",5
"succinate",3,0,"quad",5
"succinate",4,0.000971299,"quad",5
"malate",1,1.31965e-05,"quad",5
"malate",2,0.000223855,"quad",5
"malate",3,0,"quad",5
"malate",4,0,"quad",5
"aspartate",1,0.000530002,"quad",5
"aspartate",2,0,"quad",5
"aspartate",3,0,"quad",5
"aspartate",4,0,"quad",5
"glutamate",1,0.004553144,"pancreas",5
"glutamate",2,0.003915647,"pancreas",5
"glutamate",3,0.010005829,"pancreas",5
"glutamate",4,0,"pancreas",5
"glutamate",5,0.072384649,"pancreas",5
"succinate",1,0.011496786,"pancreas",5
"succinate",2,0.013970295,"pancreas",5
"succinate",3,0.011908096,"pancreas",5
"succinate",4,0.046033886,"pancreas",5
"malate",1,0.012217968,"pancreas",5
"malate",2,0.008552471,"pancreas",5
"malate",3,0.011987761,"pancreas",5
"malate",4,0.029202502,"pancreas",5
"aspartate",1,0.002873026,"pancreas",5
"aspartate",2,0.006441535,"pancreas",5
"aspartate",3,0.005614212,"pancreas",5
"aspartate",4,0.020608176,"pancreas",5
"glutamate",1,0.001382303,"lung",5
"glutamate",2,0,"lung",5
"glutamate",3,0.000473391,"lung",5
"glutamate",4,0,"lung",5
"glutamate",5,0.003176539,"lung",5
"succinate",1,0.000463423,"lung",5
"succinate",2,0.001088613,"lung",5
"succinate",3,0.000157159,"lung",5
"succinate",4,0.003686142,"lung",5
"malate",1,0.000793482,"lung",5
"malate",2,0.000643334,"lung",5
"malate",3,0.000260274,"lung",5
"malate",4,0.003253411,"lung",5
"aspartate",1,0.000229172,"lung",5
"aspartate",2,3.41623e-05,"lung",5
"aspartate",3,0,"lung",5
"aspartate",4,0.00145861,"lung",5
"glutamate",1,0.003538665,"liver",5
"glutamate",2,0.000339882,"liver",5
"glutamate",3,0.000641604,"liver",5
"glutamate",4,0,"liver",5
"glutamate",5,0.012869197,"liver",5
"succinate",1,0.004184266,"liver",5
"succinate",2,0.001521374,"liver",5
"succinate",3,0.001349552,"liver",5
"succinate",4,0.007074629,"liver",5
"malate",1,0.005814326,"liver",5
"malate",2,0.001075948,"liver",5
"malate",3,0.001983429,"liver",5
"malate",4,0.002841261,"liver",5
"aspartate",1,0,"liver",5
"aspartate",2,0,"liver",5
"aspartate",3,0,"liver",5
"aspartate",4,0,"liver",5
"glutamate",1,0,"kidney",5
"glutamate",2,0.001290656,"kidney",5
"glutamate",3,0.003710286,"kidney",5
"glutamate",4,0,"kidney",5
"glutamate",5,0.013960007,"kidney",5
"succinate",1,0.007221153,"kidney",5
"succinate",2,0.005079843,"kidney",5
"succinate",3,0.001593086,"kidney",5
"succinate",4,0.00918894,"kidney",5
"malate",1,0.006911985,"kidney",5
"malate",2,0.004362908,"kidney",5
"malate",3,0.002023693,"kidney",5
"malate",4,0.00776913,"kidney",5
"aspartate",1,0.004967605,"kidney",5
"aspartate",2,0.004394587,"kidney",5
"aspartate",3,0.00121971,"kidney",5
"aspartate",4,0.007778613,"kidney",5
"glutamate",1,0.002585898,"intestine",5
"glutamate",2,0,"intestine",5
"glutamate",3,0.001695925,"intestine",5
"glutamate",4,0,"intestine",5
"glutamate",5,0.01481917,"intestine",5
"succinate",1,0.00298761,"intestine",5
"succinate",2,0.003115043,"intestine",5
"succinate",3,0.001154027,"intestine",5
"succinate",4,0.014971413,"intestine",5
"malate",1,0.00072092,"intestine",5
"malate",2,0.001646079,"intestine",5
"malate",3,0.001337243,"intestine",5
"malate",4,0.00902605,"intestine",5
"aspartate",1,0.0012073,"intestine",5
"aspartate",2,0,"intestine",5
"aspartate",3,0,"intestine",5
"aspartate",4,0.004357086,"intestine",5
"glutamate",1,0.001516669,"spleen",5
"glutamate",2,0,"spleen",5
"glutamate",3,7.40025e-07,"spleen",5
"glutamate",4,0,"spleen",5
"glutamate",5,0.002294773,"spleen",5
"succinate",1,0.001751853,"spleen",5
"succinate",2,0.000232066,"spleen",5
"succinate",3,0,"spleen",5
"succinate",4,0.001910453,"spleen",5
"malate",1,0,"spleen",5
"malate",2,4.49406e-07,"spleen",5
"malate",3,6.86561e-05,"spleen",5
"malate",4,0.001238859,"spleen",5
"aspartate",1,0,"spleen",5
"aspartate",2,0,"spleen",5
"aspartate",3,0,"spleen",5
"aspartate",4,0.000423068,"spleen",5
"glutamate",1,0.00138689,"quad",5
"glutamate",2,0,"quad",5
"glutamate",3,0,"quad",5
"glutamate",4,0,"quad",5
"glutamate",5,0.001216299,"quad",5
"succinate",1,0,"quad",5
"succinate",2,7.13102e-05,"quad",5
"succinate",3,0,"quad",5
"succinate",4,0.000412105,"quad",5
"malate",1,0.001620789,"quad",5
"malate",2,2.51491e-06,"quad",5
"malate",3,0,"quad",5
"malate",4,0.000518067,"quad",5
"aspartate",1,0,"quad",5
"aspartate",2,0,"quad",5
"aspartate",3,0,"quad",5
"aspartate",4,0,"quad",5
"glutamate",1,0.001838753,"pancreas",5
"glutamate",2,0.000332792,"pancreas",5
"glutamate",3,0.001817378,"pancreas",5
"glutamate",4,0,"pancreas",5
"glutamate",5,0.019036291,"pancreas",5
"succinate",1,0.003159336,"pancreas",5
"succinate",2,0.002605873,"pancreas",5
"succinate",3,0.002881784,"pancreas",5
"succinate",4,0.010777337,"pancreas",5
"malate",1,0.002819803,"pancreas",5
"malate",2,0.001647703,"pancreas",5
"malate",3,0.002287373,"pancreas",5
"malate",4,0.007603012,"pancreas",5
"aspartate",1,0.000746285,"pancreas",5
"aspartate",2,0.002185692,"pancreas",5
"aspartate",3,0,"pancreas",5
"aspartate",4,0.005675024,"pancreas",5
"glutamate",1,5.44635e-05,"lung",5
"glutamate",2,0,"lung",5
"glutamate",3,4.49909e-05,"lung",5
"glutamate",4,0,"lung",5
"glutamate",5,0.00156169,"lung",5
"succinate",1,0,"lung",5
"succinate",2,0.000401989,"lung",5
"succinate",3,4.55211e-05,"lung",5
"succinate",4,0,"lung",5
"malate",1,0.000923823,"lung",5
"malate",2,0.00033264,"lung",5
"malate",3,0.000168245,"lung",5
"malate",4,0.001274619,"lung",5
"aspartate",1,0,"lung",5
"aspartate",2,0,"lung",5
"aspartate",3,0,"lung",5
"aspartate",4,0.000113255,"lung",5
"glutamate",1,0.000671707,"liver",5
"glutamate",2,0.000390949,"liver",5
"glutamate",3,0.000110688,"liver",5
"glutamate",4,0,"liver",5
"glutamate",5,0.005603192,"liver",5
"succinate",1,0.00238019,"liver",5
"succinate",2,0.000539834,"liver",5
"succinate",3,0.000452841,"liver",5
"succinate",4,0.00230086,"liver",5
"malate",1,0.003542521,"liver",5
"malate",2,0.000151009,"liver",5
"malate",3,0.00076164,"liver",5
"malate",4,0.001123126,"liver",5
"aspartate",1,0,"liver",5
"aspartate",2,0,"liver",5
"aspartate",3,0,"liver",5
"aspartate",4,0,"liver",5
"glutamate",1,0.002075879,"kidney",5
"glutamate",2,0.000110329,"kidney",5
"glutamate",3,0.00197305,"kidney",5
"glutamate",4,0,"kidney",5
"glutamate",5,0.00766482,"kidney",5
"succinate",1,0.003166944,"kidney",5
"succinate",2,0.001753167,"kidney",5
"succinate",3,0.000618133,"kidney",5
"succinate",4,0.004404116,"kidney",5
"malate",1,0.002943943,"kidney",5
"malate",2,0.001105182,"kidney",5
"malate",3,0.000712233,"kidney",5
"malate",4,0.003611192,"kidney",5
"aspartate",1,0.002298459,"kidney",5
"aspartate",2,0.001423677,"kidney",5
"aspartate",3,0.000485861,"kidney",5
"aspartate",4,0.003541978,"kidney",5
"glutamate",1,0.001595928,"intestine",5
"glutamate",2,2.24226e-05,"intestine",5
"glutamate",3,0.001277885,"intestine",5
"glutamate",4,0,"intestine",5
"glutamate",5,0.008743066,"intestine",5
"succinate",1,0.003674743,"intestine",5
"succinate",2,0.005737052,"intestine",5
"succinate",3,0.002436125,"intestine",5
"succinate",4,0.014428592,"intestine",5
"malate",1,0.002959504,"intestine",5
"malate",2,0.002593017,"intestine",5
"malate",3,0.002392342,"intestine",5
"malate",4,0.008388315,"intestine",5
"aspartate",1,0,"intestine",5
"aspartate",2,0,"intestine",5
"aspartate",3,0,"intestine",5
"aspartate",4,0.001398582,"intestine",5
"glutamate",1,0.000468745,"GEMMPDAC",5
"glutamate",2,0,"GEMMPDAC",5
"glutamate",3,0,"GEMMPDAC",5
"glutamate",4,0,"GEMMPDAC",5
"glutamate",5,0.000876054,"GEMMPDAC",5
"succinate",1,0.001390017,"GEMMPDAC",5
"succinate",2,0,"GEMMPDAC",5
"succinate",3,0,"GEMMPDAC",5
"succinate",4,0,"GEMMPDAC",5
"malate",1,0,"GEMMPDAC",5
"malate",2,1.02398e-05,"GEMMPDAC",5
"malate",3,0,"GEMMPDAC",5
"malate",4,0.000354757,"GEMMPDAC",5
"aspartate",1,0.000308696,"GEMMPDAC",5
"aspartate",2,0,"GEMMPDAC",5
"aspartate",3,0,"GEMMPDAC",5
"aspartate",4,0,"GEMMPDAC",5
"glutamate",1,0.013807542,"GEMMPDAC",150
"glutamate",2,0.003583368,"GEMMPDAC",150
"glutamate",3,0.008944499,"GEMMPDAC",150
"glutamate",4,0,"GEMMPDAC",150
"glutamate",5,0.024690966,"GEMMPDAC",150
"succinate",1,0.014484233,"GEMMPDAC",150
"succinate",2,0.011426008,"GEMMPDAC",150
"succinate",3,0.002862382,"GEMMPDAC",150
"succinate",4,0.020941122,"GEMMPDAC",150
"malate",1,0.015655859,"GEMMPDAC",150
"malate",2,0.010847575,"GEMMPDAC",150
"malate",3,0.00437173,"GEMMPDAC",150
"malate",4,0.015790026,"GEMMPDAC",150
"aspartate",1,0.011508331,"GEMMPDAC",150
"aspartate",2,0.008769166,"GEMMPDAC",150
"aspartate",3,0.001875761,"GEMMPDAC",150
"aspartate",4,0.012177026,"GEMMPDAC",150
"glutamate",1,0.002334721,"GEMMPDAC",5
"glutamate",2,0,"GEMMPDAC",5
"glutamate",3,6.46116e-06,"GEMMPDAC",5
"glutamate",4,0,"GEMMPDAC",5
"glutamate",5,0.002681625,"GEMMPDAC",5
"succinate",1,0.000851507,"GEMMPDAC",5
"succinate",2,0.000262985,"GEMMPDAC",5
"succinate",3,8.00956e-05,"GEMMPDAC",5
"succinate",4,0.00272121,"GEMMPDAC",5
"malate",1,0.000764111,"GEMMPDAC",5
"malate",2,0,"GEMMPDAC",5
"malate",3,0,"GEMMPDAC",5
"malate",4,0.001610924,"GEMMPDAC",5
"aspartate",1,0,"GEMMPDAC",5
"aspartate",2,0,"GEMMPDAC",5
"aspartate",3,0,"GEMMPDAC",5
"aspartate",4,0.00063415,"GEMMPDAC",5
"glutamate",1,0,"GEMMPDAC",5
"glutamate",2,0,"GEMMPDAC",5
"glutamate",3,0,"GEMMPDAC",5
"glutamate",4,0,"GEMMPDAC",5
"glutamate",5,0,"GEMMPDAC",5
"succinate",1,0.003152679,"GEMMPDAC",5
"succinate",2,0,"GEMMPDAC",5
"succinate",3,0,"GEMMPDAC",5
"succinate",4,0,"GEMMPDAC",5
"malate",1,0,"GEMMPDAC",5
"malate",2,0,"GEMMPDAC",5
"malate",3,0,"GEMMPDAC",5
"malate",4,0,"GEMMPDAC",5
"aspartate",1,0.001333598,"GEMMPDAC",5
"aspartate",2,0,"GEMMPDAC",5
"aspartate",3,0,"GEMMPDAC",5
"aspartate",4,0,"GEMMPDAC",5
"glutamate",1,0.001830144,"GEMMPDAC",5
"glutamate",2,0,"GEMMPDAC",5
"glutamate",3,0.000428507,"GEMMPDAC",5
"glutamate",4,0,"GEMMPDAC",5
"glutamate",5,0.005705178,"GEMMPDAC",5
"succinate",1,0.002488998,"GEMMPDAC",5
"succinate",2,0,"GEMMPDAC",5
"succinate",3,0,"GEMMPDAC",5
"succinate",4,0,"GEMMPDAC",5
"malate",1,0.010392765,"GEMMPDAC",5
"malate",2,0,"GEMMPDAC",5
"malate",3,0,"GEMMPDAC",5
"malate",4,0.003218888,"GEMMPDAC",5
"aspartate",1,0,"GEMMPDAC",5
"aspartate",2,0,"GEMMPDAC",5
"aspartate",3,0,"GEMMPDAC",5
"aspartate",4,0,"GEMMPDAC",5
"glutamate",1,0.036387886,"GEMMPDAC",150
"glutamate",2,0.014450125,"GEMMPDAC",150
"glutamate",3,0.020838965,"GEMMPDAC",150
"glutamate",4,0,"GEMMPDAC",150
"glutamate",5,0.03819063,"GEMMPDAC",150
"succinate",1,0.035194149,"GEMMPDAC",150
"succinate",2,0.02335351,"GEMMPDAC",150
"succinate",3,0.001414439,"GEMMPDAC",150
"succinate",4,0.028354141,"GEMMPDAC",150
"malate",1,0.037210674,"GEMMPDAC",150
"malate",2,0.022405411,"GEMMPDAC",150
"malate",3,0.003801812,"GEMMPDAC",150
"malate",4,0.028559058,"GEMMPDAC",150
"aspartate",1,0.034834439,"GEMMPDAC",150
"aspartate",2,0.019779558,"GEMMPDAC",150
"aspartate",3,0.002530351,"GEMMPDAC",150
"aspartate",4,0.028006752,"GEMMPDAC",150
"glutamate",1,0.049260737,"GEMMPDAC",150
"glutamate",2,0.02328179,"GEMMPDAC",150
"glutamate",3,0.02384911,"GEMMPDAC",150
"glutamate",4,0,"GEMMPDAC",150
"glutamate",5,0.045517385,"GEMMPDAC",150
"succinate",1,0.048887372,"GEMMPDAC",150
"succinate",2,0.036008809,"GEMMPDAC",150
"succinate",3,0.002039476,"GEMMPDAC",150
"succinate",4,0.042533597,"GEMMPDAC",150
"malate",1,0.054415635,"GEMMPDAC",150
"malate",2,0.031301761,"GEMMPDAC",150
"malate",3,0.006797099,"GEMMPDAC",150
"malate",4,0.036385781,"GEMMPDAC",150
"aspartate",1,0.051639392,"GEMMPDAC",150
"aspartate",2,0.026335221,"GEMMPDAC",150
"aspartate",3,0.004536153,"GEMMPDAC",150
"aspartate",4,0.031596702,"GEMMPDAC",150
"glutamate",1,0,"flankPDAC",5
"glutamate",2,0,"flankPDAC",5
"glutamate",3,5.67267e-05,"flankPDAC",5
"glutamate",4,0,"flankPDAC",5
"glutamate",5,0.000887743,"flankPDAC",5
"succinate",1,0,"flankPDAC",5
"succinate",2,0,"flankPDAC",5
"succinate",3,0,"flankPDAC",5
"succinate",4,0.001809423,"flankPDAC",5
"malate",1,0,"flankPDAC",5
"malate",2,0,"flankPDAC",5
"malate",3,0,"flankPDAC",5
"malate",4,0.001068309,"flankPDAC",5
"aspartate",1,0,"flankPDAC",5
"aspartate",2,0,"flankPDAC",5
"aspartate",3,0,"flankPDAC",5
"aspartate",4,0,"flankPDAC",5
"glutamate",1,0,"flankPDAC",5
"glutamate",2,0,"flankPDAC",5
"glutamate",3,0,"flankPDAC",5
"glutamate",4,4.17862e-05,"flankPDAC",5
"glutamate",5,0.001687243,"flankPDAC",5
"succinate",1,0.000288754,"flankPDAC",5
"succinate",2,0,"flankPDAC",5
"succinate",3,0,"flankPDAC",5
"succinate",4,0.002170161,"flankPDAC",5
"malate",1,0,"flankPDAC",5
"malate",2,0,"flankPDAC",5
"malate",3,4.50797e-05,"flankPDAC",5
"malate",4,0.001062159,"flankPDAC",5
"aspartate",1,0,"flankPDAC",5
"aspartate",2,0,"flankPDAC",5
"aspartate",3,0,"flankPDAC",5
"aspartate",4,0.000203093,"flankPDAC",5
"glutamate",1,0.01380692,"flankPDAC",150
"glutamate",2,0.005179741,"flankPDAC",150
"glutamate",3,0.011627774,"flankPDAC",150
"glutamate",4,0,"flankPDAC",150
"glutamate",5,0.026449513,"flankPDAC",150
"succinate",1,0.013493887,"flankPDAC",150
"succinate",2,0.014764445,"flankPDAC",150
"succinate",3,0.001115627,"flankPDAC",150
"succinate",4,0,"flankPDAC",150
"malate",1,0,"flankPDAC",150
"malate",2,0.01226668,"flankPDAC",150
"malate",3,0.002629581,"flankPDAC",150
"malate",4,0.017902301,"flankPDAC",150
"aspartate",1,0.016634184,"flankPDAC",150
"aspartate",2,0.011075569,"flankPDAC",150
"aspartate",3,0.000633027,"flankPDAC",150
"aspartate",4,0.010434494,"flankPDAC",150
"glutamate",1,0.013017472,"flankPDAC",150
"glutamate",2,0.004349194,"flankPDAC",150
"glutamate",3,0.01023022,"flankPDAC",150
"glutamate",4,0,"flankPDAC",150
"glutamate",5,0.027887659,"flankPDAC",150
"succinate",1,0.013352728,"flankPDAC",150
"succinate",2,0.011277824,"flankPDAC",150
"succinate",3,0.001200441,"flankPDAC",150
"succinate",4,0,"flankPDAC",150
"malate",1,0.020310515,"flankPDAC",150
"malate",2,0.00113243,"flankPDAC",150
"malate",3,0,"flankPDAC",150
"malate",4,0.011970108,"flankPDAC",150
"aspartate",1,0.011573609,"flankPDAC",150
"aspartate",2,0,"flankPDAC",150
"aspartate",3,0,"flankPDAC",150
"aspartate",4,0,"flankPDAC",150
"glutamate",1,0.000498583,"flankPDAC",5
"glutamate",2,0,"flankPDAC",5
"glutamate",3,0,"flankPDAC",5
"glutamate",4,0,"flankPDAC",5
"glutamate",5,0,"flankPDAC",5
"succinate",1,0,"flankPDAC",5
"succinate",2,0,"flankPDAC",5
"succinate",3,0.000420922,"flankPDAC",5
"succinate",4,0,"flankPDAC",5
"malate",1,0,"flankPDAC",5
"malate",2,0,"flankPDAC",5
"malate",3,0,"flankPDAC",5
"malate",4,0,"flankPDAC",5
"aspartate",1,0,"flankPDAC",5
"aspartate",2,0,"flankPDAC",5
"aspartate",3,0,"flankPDAC",5
"aspartate",4,0,"flankPDAC",5
"glutamate",1,0.006738006,"flankPDAC",150
"glutamate",2,0.00337208,"flankPDAC",150
"glutamate",3,0.008217119,"flankPDAC",150
"glutamate",4,0,"flankPDAC",150
"glutamate",5,0.01656273,"flankPDAC",150
"succinate",1,0.006402814,"flankPDAC",150
"succinate",2,0.005790919,"flankPDAC",150
"succinate",3,0,"flankPDAC",150
"succinate",4,0.019122237,"flankPDAC",150
"malate",1,0.010388113,"flankPDAC",150
"malate",2,0.00585374,"flankPDAC",150
"malate",3,0.001032488,"flankPDAC",150
"malate",4,0.010108206,"flankPDAC",150
"aspartate",1,0.0008492,"flankPDAC",150
"aspartate",2,0.004253847,"flankPDAC",150
"aspartate",3,0.000776947,"flankPDAC",150
"aspartate",4,0.00835925,"flankPDAC",150
"glutamate",1,0.015923691,"flankPDAC",150
"glutamate",2,0.004602765,"flankPDAC",150
"glutamate",3,0.012173752,"flankPDAC",150
"glutamate",4,0,"flankPDAC",150
"glutamate",5,0.025117509,"flankPDAC",150
"succinate",1,0.009743577,"flankPDAC",150
"succinate",2,0.008514138,"flankPDAC",150
"succinate",3,0,"flankPDAC",150
"succinate",4,0.027306493,"flankPDAC",150
"malate",1,0.015784451,"flankPDAC",150
"malate",2,0.008717721,"flankPDAC",150
"malate",3,0.001368102,"flankPDAC",150
"malate",4,0.01829656,"flankPDAC",150
"aspartate",1,0.002208075,"flankPDAC",150
"aspartate",2,0.00639533,"flankPDAC",150
"aspartate",3,0.000218065,"flankPDAC",150
"aspartate",4,0.008577802,"flankPDAC",150
"glutamate",1,0.004345647,"flankPDAC",5
"glutamate",2,0,"flankPDAC",5
"glutamate",3,0.000203813,"flankPDAC",5
"glutamate",4,0,"flankPDAC",5
"glutamate",5,0.007499419,"flankPDAC",5
"succinate",1,0,"flankPDAC",5
"succinate",2,0,"flankPDAC",5
"succinate",3,0,"flankPDAC",5
"succinate",4,0.005194843,"flankPDAC",5
"malate",1,0.00120961,"flankPDAC",5
"malate",2,0,"flankPDAC",5
"malate",3,0.000251388,"flankPDAC",5
"malate",4,0.003595988,"flankPDAC",5
"aspartate",1,0,"flankPDAC",5
"aspartate",2,0,"flankPDAC",5
"aspartate",3,0,"flankPDAC",5
"aspartate",4,0.001143258,"flankPDAC",5
"glutamate",1,0.001062559,"flankPDAC",5
"glutamate",2,0,"flankPDAC",5
"glutamate",3,2.7307e-05,"flankPDAC",5
"glutamate",4,0,"flankPDAC",5
"glutamate",5,0.001464234,"flankPDAC",5
"succinate",1,0,"flankPDAC",5
"succinate",2,0,"flankPDAC",5
"succinate",3,0,"flankPDAC",5
"succinate",4,0.001082545,"flankPDAC",5
"malate",1,0,"flankPDAC",5
"malate",2,0,"flankPDAC",5
"malate",3,0.000177763,"flankPDAC",5
"malate",4,0.000769083,"flankPDAC",5
"aspartate",1,0,"flankPDAC",5
"aspartate",2,0,"flankPDAC",5
"aspartate",3,0,"flankPDAC",5
"aspartate",4,0,"flankPDAC",5
"glutamate",1,0,"flankPDAC",5
"glutamate",2,0,"flankPDAC",5
"glutamate",3,4.46212e-05,"flankPDAC",5
"glutamate",4,0,"flankPDAC",5
"glutamate",5,0.002409275,"flankPDAC",5
"succinate",1,0,"flankPDAC",5
"succinate",2,0,"flankPDAC",5
"succinate",3,0,"flankPDAC",5
"succinate",4,0.001521417,"flankPDAC",5
"malate",1,0,"flankPDAC",5
"malate",2,0,"flankPDAC",5
"malate",3,2.50897e-05,"flankPDAC",5
"malate",4,0.001407975,"flankPDAC",5
"aspartate",1,0,"flankPDAC",5
"aspartate",2,0,"flankPDAC",5
"aspartate",3,0,"flankPDAC",5
"aspartate",4,0,"flankPDAC",5
