"Compound","tissue","conc_micromolar"
"aspartate","brown adipose",231.134018781112
"aspartate","brown adipose",268.157662766506
"aspartate","brown adipose",152.788497986793
"aspartate","brown adipose",300.705475073158
"aspartate","colon",898.598513745004
"aspartate","colon",687.523098981035
"aspartate","colon",727.442464690421
"aspartate","colon",653.565234160159
"aspartate","diaphragm",1590.56377073276
"aspartate","diaphragm",1243.6543517914
"aspartate","diaphragm",1497.35609562598
"aspartate","gastrocnemius",556.596217238102
"aspartate","gastrocnemius",662.187053619976
"aspartate","gastrocnemius",155.26076809201
"aspartate","gastrocnemius",463.468104766977
"aspartate","heart",2000.81484462727
"aspartate","heart",1598.29127569798
"aspartate","heart",1513.983361122
"aspartate","heart",762.155428600468
"aspartate","intestine",1708.89974250832
"aspartate","intestine",939.173069295819
"aspartate","intestine",1097.92132640338
"aspartate","intestine",688.219114368372
"aspartate","kidney",1855.60160200353
"aspartate","kidney",1563.97313183489
"aspartate","kidney",1020.9943613957
"aspartate","kidney",1171.34804420687
"aspartate","lung",1208.66815341696
"aspartate","lung",1105.42449209762
"aspartate","lung",779.216647378002
"aspartate","lung",887.555300370471
"aspartate","liver",299.417304014519
"aspartate","liver",343.303398371894
"aspartate","liver",301.165700066352
"aspartate","liver",419.285091819738
"aspartate","pancreas",319.37257527883
"aspartate","pancreas",399.931972009837
"aspartate","pancreas",289.840255191708
"aspartate","pancreas",293.000215699686
"aspartate","quad",420.88501536206
"aspartate","quad",408.542157107825
"aspartate","quad",259.221606132378
"aspartate","quad",212.964382735593
"aspartate","skin",367.959587765691
"aspartate","skin",377.191468517358
"aspartate","skin",235.343364518723
"aspartate","skin",355.702425114484
"aspartate","soleus",3430.37112867713
"aspartate","soleus",3203.83247332913
"aspartate","soleus",1522.7907678885
"aspartate","soleus",1560.08539197756
"aspartate","spleen",2192.14928086524
"aspartate","spleen",2291.16595379978
"aspartate","spleen",2383.39712760903
"aspartate","spleen",1650.99453722954
"aspartate","white adipose",34.8309685203895
"aspartate","white adipose",44.8199676857546
"aspartate","white adipose",23.8777610077438
"aspartate","white adipose",24.6961459068935
"glutamate","brown adipose",1475.64079373988
"glutamate","brown adipose",1325.60558352001
"glutamate","brown adipose",638.543739082943
"glutamate","brown adipose",708.795655119828
"glutamate","colon",4920.01534613881
"glutamate","colon",4910.35265513139
"glutamate","colon",4349.93435459572
"glutamate","colon",4649.24134124699
"glutamate","diaphragm",2674.22525770332
"glutamate","diaphragm",2710.15570837225
"glutamate","diaphragm",1985.49367786983
"glutamate","gastrocnemius",883.687567156254
"glutamate","gastrocnemius",859.54643231766
"glutamate","gastrocnemius",446.157638932205
"glutamate","gastrocnemius",964.730601875597
"glutamate","heart",5455.88704568697
"glutamate","heart",6903.10911034541
"glutamate","heart",2992.22682822712
"glutamate","heart",3536.29773805169
"glutamate","intestine",4806.10632545067
"glutamate","intestine",5136.6338257844
"glutamate","intestine",4332.75584870926
"glutamate","intestine",2615.20662848329
"glutamate","kidney",4330.71920985137
"glutamate","kidney",4369.67471248139
"glutamate","kidney",2456.26521751495
"glutamate","kidney",2787.76311444084
"glutamate","lung",2271.26810427183
"glutamate","lung",2101.84267888003
"glutamate","lung",1481.11964590398
"glutamate","lung",1862.70385128839
"glutamate","liver",1644.77610252216
"glutamate","liver",2149.03494132478
"glutamate","liver",1826.18456075723
"glutamate","liver",1968.37906080994
"glutamate","pancreas",3836.9361113319
"glutamate","pancreas",4201.10796486361
"glutamate","pancreas",3167.33154236194
"glutamate","pancreas",2786.61578213434
"glutamate","quad",696.148982501295
"glutamate","quad",1182.62110236767
"glutamate","quad",701.916376319503
"glutamate","quad",920.663793502997
"glutamate","skin",1216.41043438951
"glutamate","skin",1403.27437132633
"glutamate","skin",943.564518987051
"glutamate","skin",1199.29534547564
"glutamate","soleus",2431.03800180201
"glutamate","soleus",2901.6938124087
"glutamate","soleus",1900.56400839843
"glutamate","soleus",1622.50334069306
"glutamate","spleen",4405.51526276535
"glutamate","spleen",4795.03950136308
"glutamate","spleen",4375.72961525784
"glutamate","spleen",3302.17826435427
"glutamate","white adipose",161.37539146027
"glutamate","white adipose",205.254744490828
"glutamate","white adipose",94.7160780915206
"glutamate","white adipose",109.020791672977
"a-ketoglutarate","brown adipose",44.2083673485848
"a-ketoglutarate","brown adipose",40.9183117440928
"a-ketoglutarate","brown adipose",37.5588974781386
"a-ketoglutarate","brown adipose",39.3949318588937
"a-ketoglutarate","colon",82.9329816744339
"a-ketoglutarate","colon",79.299558033151
"a-ketoglutarate","colon",71.3212929591762
"a-ketoglutarate","colon",72.2251897396995
"a-ketoglutarate","diaphragm",87.0288209947178
"a-ketoglutarate","diaphragm",84.752774453132
"a-ketoglutarate","diaphragm",73.6968855965189
"a-ketoglutarate","gastrocnemius",52.5651771748002
"a-ketoglutarate","gastrocnemius",43.8276639386085
"a-ketoglutarate","gastrocnemius",37.5391898773825
"a-ketoglutarate","gastrocnemius",40.307721180459
"a-ketoglutarate","heart",126.230870663724
"a-ketoglutarate","heart",130.051371791047
"a-ketoglutarate","heart",74.3574562947674
"a-ketoglutarate","heart",89.1181943019297
"a-ketoglutarate","intestine",117.241153069188
"a-ketoglutarate","intestine",189.7876006857
"a-ketoglutarate","intestine",116.84947824465
"a-ketoglutarate","intestine",102.737173341617
"a-ketoglutarate","kidney",63.5371187926948
"a-ketoglutarate","kidney",55.0518214729035
"a-ketoglutarate","kidney",44.8127606879946
"a-ketoglutarate","kidney",46.3337312124952
"a-ketoglutarate","lung",74.2641622178471
"a-ketoglutarate","lung",71.0326368164369
"a-ketoglutarate","lung",53.7326179023025
"a-ketoglutarate","lung",62.0723854601321
"a-ketoglutarate","liver",51.6784591170271
"a-ketoglutarate","liver",56.9708835989352
"a-ketoglutarate","liver",44.9623682291661
"a-ketoglutarate","liver",49.9766713782159
"a-ketoglutarate","pancreas",64.549668953408
"a-ketoglutarate","pancreas",73.1295241785135
"a-ketoglutarate","pancreas",60.7448763060429
"a-ketoglutarate","pancreas",64.2578852787182
"a-ketoglutarate","quad",45.9135927956459
"a-ketoglutarate","quad",50.1359561507434
"a-ketoglutarate","quad",38.7979954732057
"a-ketoglutarate","quad",49.4131783362248
"a-ketoglutarate","skin",77.6413542152314
"a-ketoglutarate","skin",68.8100572278392
"a-ketoglutarate","skin",49.6158467688461
"a-ketoglutarate","skin",54.8788045938915
"a-ketoglutarate","soleus",80.3500784409565
"a-ketoglutarate","soleus",72.0186603110502
"a-ketoglutarate","soleus",64.1033795152982
"a-ketoglutarate","soleus",56.280251482891
"a-ketoglutarate","spleen",77.8386554673466
"a-ketoglutarate","spleen",80.3026001141478
"a-ketoglutarate","spleen",77.0792450266254
"a-ketoglutarate","spleen",65.9870044364314
"a-ketoglutarate","white adipose",35.2991485475588
"a-ketoglutarate","white adipose",39.7722130015789
"a-ketoglutarate","white adipose",36.2307837978352
"a-ketoglutarate","white adipose",37.2943971502896
"citrate/isocitrate","brown adipose",258.397123175136
"citrate/isocitrate","brown adipose",242.971756653805
"citrate/isocitrate","brown adipose",161.01282370394
"citrate/isocitrate","brown adipose",190.355419696659
"citrate/isocitrate","colon",415.011490751272
"citrate/isocitrate","colon",420.986869569672
"citrate/isocitrate","colon",397.429605795082
"citrate/isocitrate","colon",312.908691931664
"citrate/isocitrate","diaphragm",348.007634503305
"citrate/isocitrate","diaphragm",401.15539334856
"citrate/isocitrate","diaphragm",379.718883666694
"citrate/isocitrate","gastrocnemius",188.774475342112
"citrate/isocitrate","gastrocnemius",180.066617401985
"citrate/isocitrate","gastrocnemius",152.753442492244
"citrate/isocitrate","gastrocnemius",136.715268112889
"citrate/isocitrate","heart",369.668153539932
"citrate/isocitrate","heart",461.850661486663
"citrate/isocitrate","heart",271.675586542873
"citrate/isocitrate","heart",333.128115287089
"citrate/isocitrate","intestine",416.793008978612
"citrate/isocitrate","intestine",503.727971219942
"citrate/isocitrate","intestine",383.809886458083
"citrate/isocitrate","intestine",315.145650599228
"citrate/isocitrate","kidney",495.266942763086
"citrate/isocitrate","kidney",435.162258559263
"citrate/isocitrate","kidney",336.957692384582
"citrate/isocitrate","kidney",331.9663940814
"citrate/isocitrate","lung",454.458457975016
"citrate/isocitrate","lung",482.347313752801
"citrate/isocitrate","lung",352.136841043158
"citrate/isocitrate","lung",413.735279582953
"citrate/isocitrate","liver",388.107757937356
"citrate/isocitrate","liver",416.425507669771
"citrate/isocitrate","liver",362.237555962978
"citrate/isocitrate","liver",507.04198021003
"citrate/isocitrate","pancreas",453.389662680121
"citrate/isocitrate","pancreas",475.726472816328
"citrate/isocitrate","pancreas",495.009504997669
"citrate/isocitrate","pancreas",495.502318890703
"citrate/isocitrate","quad",198.078983624039
"citrate/isocitrate","quad",186.980967186457
"citrate/isocitrate","quad",165.989875922982
"citrate/isocitrate","quad",176.018246029199
"citrate/isocitrate","skin",271.00719226416
"citrate/isocitrate","skin",323.075056589094
"citrate/isocitrate","skin",262.656086495654
"citrate/isocitrate","skin",258.564037345433
"citrate/isocitrate","soleus",271.561848926749
"citrate/isocitrate","soleus",288.992067701784
"citrate/isocitrate","soleus",211.368937602234
"citrate/isocitrate","soleus",225.037246620585
"citrate/isocitrate","spleen",766.389558978585
"citrate/isocitrate","spleen",641.010691727836
"citrate/isocitrate","spleen",573.718208598015
"citrate/isocitrate","spleen",491.904834978485
"citrate/isocitrate","white adipose",135.236711625118
"citrate/isocitrate","white adipose",129.396075695221
"citrate/isocitrate","white adipose",113.99385338724
"citrate/isocitrate","white adipose",104.606827598419
"malate","brown adipose",132.667974437221
"malate","brown adipose",145.805640278798
"malate","brown adipose",100.006472303687
"malate","brown adipose",297.335551608122
"malate","colon",224.696043705268
"malate","colon",166.697048754653
"malate","colon",175.003072073298
"malate","colon",155.657822319816
"malate","diaphragm",453.837102285568
"malate","diaphragm",602.272615133201
"malate","diaphragm",332.115463349904
"malate","gastrocnemius",136.579562339721
"malate","gastrocnemius",195.573026057971
"malate","gastrocnemius",54.6906567019712
"malate","gastrocnemius",215.01457442581
"malate","heart",382.619775595977
"malate","heart",331.109053993497
"malate","heart",288.073576178769
"malate","heart",222.629812064576
"malate","intestine",260.693828709708
"malate","intestine",181.638466197822
"malate","intestine",129.416778345378
"malate","intestine",144.597245582498
"malate","kidney",234.550628006475
"malate","kidney",187.032811631636
"malate","kidney",141.707433535507
"malate","kidney",159.619104937466
"malate","lung",157.315548350678
"malate","lung",127.591229118264
"malate","lung",109.995510510793
"malate","lung",111.799428460554
"malate","liver",142.842066126854
"malate","liver",178.333130440528
"malate","liver",149.56355787775
"malate","liver",212.537984720422
"malate","pancreas",86.4179557846109
"malate","pancreas",128.268701300821
"malate","pancreas",76.8873227574382
"malate","pancreas",109.228413906015
"malate","quad",96.3503278175264
"malate","quad",106.284517677357
"malate","quad",97.7566486473029
"malate","quad",109.603796078825
"malate","skin",62.4618609882113
"malate","skin",69.7302103016003
"malate","skin",41.7740031780922
"malate","skin",62.5972800583893
"malate","soleus",296.889962176612
"malate","soleus",392.300005905647
"malate","soleus",224.079584123135
"malate","soleus",240.471933309773
"malate","spleen",133.131653082871
"malate","spleen",140.975637481658
"malate","spleen",136.116646189394
"malate","spleen",96.4754955175645
"malate","white adipose",13.3312692871711
"malate","white adipose",14.7986714060591
"malate","white adipose",11.5416546783831
"malate","white adipose",9.26842247432016
"succinate","brown adipose",878.574930242448
"succinate","brown adipose",938.19166092085
"succinate","brown adipose",503.313674156244
"succinate","brown adipose",995.246700255807
"succinate","colon",287.160665761924
"succinate","colon",309.794478657074
"succinate","colon",294.32558740375
"succinate","colon",325.791210094513
"succinate","diaphragm",469.885549988507
"succinate","diaphragm",421.584460326844
"succinate","diaphragm",283.7722397147
"succinate","gastrocnemius",170.152566200561
"succinate","gastrocnemius",264.78846402413
"succinate","gastrocnemius",126.523951243883
"succinate","gastrocnemius",367.778769315117
"succinate","heart",1339.83345058374
"succinate","heart",1187.36703124671
"succinate","heart",942.366381951065
"succinate","heart",761.382180741607
"succinate","intestine",220.406476042595
"succinate","intestine",248.44250634145
"succinate","intestine",177.70479492915
"succinate","intestine",163.307605753453
"succinate","kidney",575.644515966286
"succinate","kidney",438.280002245421
"succinate","kidney",297.882091184187
"succinate","kidney",346.305522093194
"succinate","lung",108.262112264975
"succinate","lung",99.2440108386581
"succinate","lung",90.2125260018494
"succinate","lung",101.488581306989
"succinate","liver",212.248621482972
"succinate","liver",290.56102986317
"succinate","liver",236.086903373763
"succinate","liver",229.132037574853
"succinate","pancreas",157.486508368692
"succinate","pancreas",206.650698718596
"succinate","pancreas",167.117568391747
"succinate","pancreas",159.008627406814
"succinate","quad",147.556378738355
"succinate","quad",175.890123706181
"succinate","quad",146.157334590935
"succinate","quad",177.344427279701
"succinate","skin",93.4441127592315
"succinate","skin",103.311836251248
"succinate","skin",85.154020008558
"succinate","skin",90.8258785662807
"succinate","soleus",369.71522620644
"succinate","soleus",495.627772457208
"succinate","soleus",298.449326158553
"succinate","soleus",352.03006635247
"succinate","spleen",101.277622358198
"succinate","spleen",107.419363743689
"succinate","spleen",105.12159918561
"succinate","spleen",88.445602298727
"succinate","white adipose",44.0635010931649
"succinate","white adipose",45.1856771335572
"succinate","white adipose",42.3829403671681
"succinate","white adipose",44.5013706290769
"glutamate","metastaticLungLM2",2930.45482347484
"aspartate","metastaticLungLM2",1489.68031859667
"a-ketoglutarate","metastaticLungLM2",37.9674641271404
"succinate","metastaticLungLM2",112.297406825535
"malate","metastaticLungLM2",67.2984776024756
"citrate/isocitrate","metastaticLungLM2",119.579274890663
"glutamate","metastaticLungLM2",3429.47066045855
"aspartate","metastaticLungLM2",1308.05218420136
"a-ketoglutarate","metastaticLungLM2",37.9714799335763
"succinate","metastaticLungLM2",123.211393134511
"malate","metastaticLungLM2",91.5847623629479
"citrate/isocitrate","metastaticLungLM2",175.409179022193
"glutamate","metastaticLungLM2",2435.31448012574
"aspartate","metastaticLungLM2",1020.04203284761
"a-ketoglutarate","metastaticLungLM2",31.0282730660231
"succinate","metastaticLungLM2",82.3815468762819
"malate","metastaticLungLM2",48.3964031222877
"citrate/isocitrate","metastaticLungLM2",110.593150663214
"glutamate","metastaticLungLM2",2436.88481572073
"aspartate","metastaticLungLM2",974.667316242124
"a-ketoglutarate","metastaticLungLM2",26.2553171711752
"succinate","metastaticLungLM2",100.541095545887
"malate","metastaticLungLM2",74.6140659783001
"citrate/isocitrate","metastaticLungLM2",147.145314689895
"glutamate","metastaticLungLM2",2367.43766751159
"aspartate","metastaticLungLM2",934.573233677821
"a-ketoglutarate","metastaticLungLM2",28.371391038054
"succinate","metastaticLungLM2",70.5894893010766
"malate","metastaticLungLM2",44.9192712678543
"citrate/isocitrate","metastaticLungLM2",153.821526504052
"glutamate","metastaticLungLM2",2370.95511176629
"aspartate","metastaticLungLM2",1077.81646866588
"a-ketoglutarate","metastaticLungLM2",35.6477210187871
"succinate","metastaticLungLM2",110.135330438761
"malate","metastaticLungLM2",85.4864591599134
"citrate/isocitrate","metastaticLungLM2",146.090496434756
"glutamate","primaryTumorLM2",6048.93195324442
"aspartate","primaryTumorLM2",524.343224028539
"a-ketoglutarate","primaryTumorLM2",77.9859937099047
"succinate","primaryTumorLM2",160.442333648955
"malate","primaryTumorLM2",89.9210716403132
"citrate/isocitrate","primaryTumorLM2",306.431734995521
"glutamate","primaryTumorLM2",6287.20165137605
"aspartate","primaryTumorLM2",712.01683215275
"a-ketoglutarate","primaryTumorLM2",88.5958035323529
"succinate","primaryTumorLM2",170.192502392897
"malate","primaryTumorLM2",96.36224075228
"citrate/isocitrate","primaryTumorLM2",218.229126631734
"glutamate","primaryTumorLM2",3771.82598916858
"aspartate","primaryTumorLM2",427.031785695233
"a-ketoglutarate","primaryTumorLM2",42.0160484084062
"succinate","primaryTumorLM2",106.899639016741
"malate","primaryTumorLM2",38.8755421730084
"citrate/isocitrate","primaryTumorLM2",122.185393496453
"glutamate","primaryTumorLM2",2243.9826371177
"aspartate","primaryTumorLM2",146.764518885906
"a-ketoglutarate","primaryTumorLM2",28.807903434003
"succinate","primaryTumorLM2",82.6508989243611
"malate","primaryTumorLM2",14.0936397284218
"citrate/isocitrate","primaryTumorLM2",78.2682440529397
"glutamate","primaryTumorLM2",2824.24905695556
"aspartate","primaryTumorLM2",272.328506487035
"a-ketoglutarate","primaryTumorLM2",29.6771041203895
"succinate","primaryTumorLM2",91.82459220965
"malate","primaryTumorLM2",30.7076114631668
"citrate/isocitrate","primaryTumorLM2",127.987161701394
"glutamate","primaryTumorLM2",771.312201115937
"aspartate","primaryTumorLM2",86.9991991120807
"a-ketoglutarate","primaryTumorLM2",14.8899522685045
"succinate","primaryTumorLM2",31.3232795205159
"malate","primaryTumorLM2",5.38895805660808
"citrate/isocitrate","primaryTumorLM2",67.5883787277284
"glutamate","primaryTumorLM2",2414.34737321618
"aspartate","primaryTumorLM2",1075.03467733442
"a-ketoglutarate","primaryTumorLM2",34.9921545158681
"succinate","primaryTumorLM2",109.62847765033
"malate","primaryTumorLM2",87.5291917041959
"citrate/isocitrate","primaryTumorLM2",150.004400541203
"glutamate","metastaticLungM1a",1742.61394138959
"aspartate","metastaticLungM1a",740.015622175361
"succinate","metastaticLungM1a",117.450717306002
"malate","metastaticLungM1a",175.421695981765
"citrate/isocitrate","metastaticLungM1a",451.689768705264
"a-ketoglutarate","metastaticLungM1a",60.1997984917703
"glutamate","metastaticLungM1a",1171.11630242864
"aspartate","metastaticLungM1a",382.457322231618
"succinate","metastaticLungM1a",80.264755598857
"malate","metastaticLungM1a",199.492181003717
"citrate/isocitrate","metastaticLungM1a",571.785651060898
"a-ketoglutarate","metastaticLungM1a",58.3295428740601
"glutamate","metastaticLungM1a",1635.36290694262
"aspartate","metastaticLungM1a",795.94845886863
"succinate","metastaticLungM1a",86.0735563930797
"malate","metastaticLungM1a",159.980012481612
"citrate/isocitrate","metastaticLungM1a",373.26194906991
"a-ketoglutarate","metastaticLungM1a",59.5209618933008
"glutamate","metastaticLungM1a",2004.83474272919
"aspartate","metastaticLungM1a",762.887881143701
"succinate","metastaticLungM1a",125.245553316232
"malate","metastaticLungM1a",294.541949203067
"citrate/isocitrate","metastaticLungM1a",566.858444911995
"a-ketoglutarate","metastaticLungM1a",77.537411608656
"glutamate","metastaticLungM1a",976.198955917554
"aspartate","metastaticLungM1a",625.440192614835
"succinate","metastaticLungM1a",115.54374069502
"malate","metastaticLungM1a",160.219055047763
"citrate/isocitrate","metastaticLungM1a",438.050535280256
"a-ketoglutarate","metastaticLungM1a",32.0303008795392
"glutamate","metastaticLungM1a",1531.94573746248
"aspartate","metastaticLungM1a",815.493620788325
"succinate","metastaticLungM1a",123.739373541548
"malate","metastaticLungM1a",263.86457103642
"citrate/isocitrate","metastaticLungM1a",550.637661014579
"a-ketoglutarate","metastaticLungM1a",41.0644619434624
"glutamate","primaryTumorM1a",2697.7169903426
"aspartate","primaryTumorM1a",354.309280400873
"succinate","primaryTumorM1a",158.725867216786
"malate","primaryTumorM1a",110.064589100103
"citrate/isocitrate","primaryTumorM1a",312.684699274184
"a-ketoglutarate","primaryTumorM1a",75.5004352479917
"glutamate","primaryTumorM1a",1399.51714006024
"aspartate","primaryTumorM1a",190.927254915552
"succinate","primaryTumorM1a",76.2226869252558
"malate","primaryTumorM1a",41.8088507183661
"citrate/isocitrate","primaryTumorM1a",162.890725044958
"a-ketoglutarate","primaryTumorM1a",15.4530275024505
"glutamate","primaryTumorM1a",1531.34766864784
"aspartate","primaryTumorM1a",169.580070416974
"succinate","primaryTumorM1a",91.2778335738861
"malate","primaryTumorM1a",45.6421060292258
"citrate/isocitrate","primaryTumorM1a",141.108496900934
"a-ketoglutarate","primaryTumorM1a",17.037324878502
"glutamate","primaryTumorM1a",3254.15999918908
"aspartate","primaryTumorM1a",313.292899254234
"succinate","primaryTumorM1a",181.831594248817
"malate","primaryTumorM1a",63.9740136917215
"citrate/isocitrate","primaryTumorM1a",215.050408768091
"a-ketoglutarate","primaryTumorM1a",27.110083911951
"glutamate","primaryTumorM1a",2932.84318921836
"aspartate","primaryTumorM1a",415.167135688196
"succinate","primaryTumorM1a",174.189073424452
"malate","primaryTumorM1a",112.203267275811
"citrate/isocitrate","primaryTumorM1a",301.871756108026
"a-ketoglutarate","primaryTumorM1a",31.0928297556367
"glutamate","primaryTumorM1a",1917.93415603683
"aspartate","primaryTumorM1a",212.334712867865
"succinate","primaryTumorM1a",162.849161645365
"malate","primaryTumorM1a",48.8814852597148
"citrate/isocitrate","primaryTumorM1a",239.207622461043
"a-ketoglutarate","primaryTumorM1a",21.816920991262
"glutamate","primaryTumorM1a",3188.50471007256
"aspartate","primaryTumorM1a",724.648095125555
"succinate","primaryTumorM1a",156.947876581145
"malate","primaryTumorM1a",111.326457996782
"citrate/isocitrate","primaryTumorM1a",284.505968558931
"a-ketoglutarate","primaryTumorM1a",32.6475135340163
"glutamate","leukemicSpleen",6179.45156453727
"aspartate","leukemicSpleen",2117.06565587607
"succinate","leukemicSpleen",226.169439653998
"malate","leukemicSpleen",392.769541606085
"a-ketoglutarate","leukemicSpleen",114.488599853318
"citrate/isocitrate","leukemicSpleen",65.3252678138714
"glutamate","controlSpleen_forLeukemia",2108.38570370882
"aspartate","controlSpleen_forLeukemia",1804.96782949201
"succinate","controlSpleen_forLeukemia",80.9761782930088
"malate","controlSpleen_forLeukemia",70.1276849615684
"a-ketoglutarate","controlSpleen_forLeukemia",48.8110701580404
"citrate/isocitrate","controlSpleen_forLeukemia",32.8003411194415
"glutamate","leukemicSpleen",1913.74472619451
"aspartate","leukemicSpleen",825.956419295441
"succinate","leukemicSpleen",92.0525390792109
"malate","leukemicSpleen",92.7058844838338
"a-ketoglutarate","leukemicSpleen",53.5093425999845
"citrate/isocitrate","leukemicSpleen",22.6613593751331
"glutamate","controlSpleen_forLeukemia",2359.7045984634
"aspartate","controlSpleen_forLeukemia",2465.97106020306
"succinate","controlSpleen_forLeukemia",84.480496897147
"malate","controlSpleen_forLeukemia",82.8418110722488
"a-ketoglutarate","controlSpleen_forLeukemia",53.2731231457276
"citrate/isocitrate","controlSpleen_forLeukemia",52.7416467193069
"glutamate","leukemicSpleen",5667.08670372026
"aspartate","leukemicSpleen",2938.57210256608
"succinate","leukemicSpleen",220.001492723267
"malate","leukemicSpleen",309.82179886144
"a-ketoglutarate","leukemicSpleen",130.19179170163
"citrate/isocitrate","leukemicSpleen",61.7631877306735
"glutamate","controlSpleen_forLeukemia",3389.40343396143
"aspartate","controlSpleen_forLeukemia",2954.32474041458
"succinate","controlSpleen_forLeukemia",119.152074285323
"malate","controlSpleen_forLeukemia",141.214918080304
"a-ketoglutarate","controlSpleen_forLeukemia",79.1304267967591
"citrate/isocitrate","controlSpleen_forLeukemia",111.038225418674
"glutamate","leukemicSpleen",5641.5778457885
"aspartate","leukemicSpleen",2859.96487377946
"succinate","leukemicSpleen",200.487326065191
"malate","leukemicSpleen",325.485750244612
"a-ketoglutarate","leukemicSpleen",110.071600822404
"citrate/isocitrate","leukemicSpleen",135.889447318019
"glutamate","leukemicSpleen",3483.07125873397
"aspartate","leukemicSpleen",1522.38053691124
"succinate","leukemicSpleen",171.980977656597
"malate","leukemicSpleen",174.028986805489
"a-ketoglutarate","leukemicSpleen",59.2426095468413
"citrate/isocitrate","leukemicSpleen",61.0775987503836
"glutamate","leukemicSpleen",3399.60054152454
"aspartate","leukemicSpleen",1392.51002238406
"succinate","leukemicSpleen",175.872501969323
"malate","leukemicSpleen",228.636449195849
"a-ketoglutarate","leukemicSpleen",73.7657112604799
"citrate/isocitrate","leukemicSpleen",154.940835747453
"glutamate","leukemicSpleen",4185.33635287988
"aspartate","leukemicSpleen",1979.40426773149
"succinate","leukemicSpleen",160.597203220051
"malate","leukemicSpleen",255.772679031131
"a-ketoglutarate","leukemicSpleen",78.8071638647982
"citrate/isocitrate","leukemicSpleen",201.028250805944
"glutamate","leukemicSpleen",3563.07616736242
"aspartate","leukemicSpleen",1707.56143564886
"succinate","leukemicSpleen",143.675550782072
"malate","leukemicSpleen",190.812541729138
"a-ketoglutarate","leukemicSpleen",72.1662762096428
"citrate/isocitrate","leukemicSpleen",261.493981607042
"glutamate","leukemicSpleen",3292.18907811097
"aspartate","leukemicSpleen",1490.70398973739
"succinate","leukemicSpleen",103.921660070898
"malate","leukemicSpleen",162.661034231482
"a-ketoglutarate","leukemicSpleen",94.5028470580592
"citrate/isocitrate","leukemicSpleen",1396.47829343608
"aspartate","xenograftCRC",255.130538894175
"aspartate","xenograftCRC",481.921081132844
"aspartate","xenograftCRC",197.000325458418
"aspartate","xenograftCRC",106.976671713785
"aspartate","GEMMPDAC",443.457624235012
"aspartate","GEMMPDAC",283.451774026646
"aspartate","GEMMPDAC",1190.96718814811
"aspartate","GEMMPDAC",517.58018298017
"aspartate","flankPDAC",375.218250667345
"aspartate","flankPDAC",478.864586958417
"aspartate","flankPDAC",375.074171443684
"aspartate","flankPDAC",340.701577609419
"aspartate","GEMMNSCLC",1393.58848228936
"aspartate","GEMMNSCLC",1703.18073303377
"aspartate","GEMMNSCLC",1262.10323669798
"aspartate","GEMMNSCLC",700.991753991305
"aspartate","flankNSCLC",419.910294929376
"aspartate","flankNSCLC",637.647141535609
"aspartate","flankNSCLC",159.456515709528
"aspartate","flankNSCLC",234.823175526301
"glutamate","xenograftCRC",1853.29906253275
"glutamate","xenograftCRC",1882.75068027823
"glutamate","xenograftCRC",1954.03381896058
"glutamate","xenograftCRC",1189.66612273036
"glutamate","GEMMPDAC",896.155899841674
"glutamate","GEMMPDAC",752.518979310691
"glutamate","GEMMPDAC",3303.24231525101
"glutamate","GEMMPDAC",1784.32332112246
"glutamate","flankPDAC",1904.29748473871
"glutamate","flankPDAC",2732.69870850202
"glutamate","flankPDAC",1512.01836117507
"glutamate","flankPDAC",2616.23952877165
"glutamate","GEMMNSCLC",2557.3058841242
"glutamate","GEMMNSCLC",3163.94812254083
"glutamate","GEMMNSCLC",2240.66104393869
"glutamate","GEMMNSCLC",2196.7027115107
"glutamate","flankNSCLC",2014.40364914303
"glutamate","flankNSCLC",4362.17638158634
"glutamate","flankNSCLC",1016.53619747388
"glutamate","flankNSCLC",1370.69856116112
"a-ketoglutarate","xenograftCRC",48.14716731754
"a-ketoglutarate","xenograftCRC",23.2555505857151
"a-ketoglutarate","xenograftCRC",55.6435117118615
"a-ketoglutarate","xenograftCRC",42.5090563609545
"a-ketoglutarate","GEMMPDAC",28.9406366007712
"a-ketoglutarate","GEMMPDAC",29.0903116806698
"a-ketoglutarate","GEMMPDAC",52.0881512143762
"a-ketoglutarate","GEMMPDAC",39.4042184107681
"a-ketoglutarate","flankPDAC",51.3746140023411
"a-ketoglutarate","flankPDAC",65.6446865659061
"a-ketoglutarate","flankPDAC",34.6745552706952
"a-ketoglutarate","flankPDAC",61.0352272194855
"a-ketoglutarate","GEMMNSCLC",52.3786996724681
"a-ketoglutarate","GEMMNSCLC",65.3741937431445
"a-ketoglutarate","GEMMNSCLC",54.2409931133173
"a-ketoglutarate","GEMMNSCLC",56.1895477797438
"a-ketoglutarate","flankNSCLC",71.2162933901768
"a-ketoglutarate","flankNSCLC",84.3603936221475
"a-ketoglutarate","flankNSCLC",59.8420584731319
"a-ketoglutarate","flankNSCLC",59.5595122635723
"citrate/isocitrate","xenograftCRC",243.728101451858
"citrate/isocitrate","xenograftCRC",110.282008459768
"citrate/isocitrate","xenograftCRC",145.775906252011
"citrate/isocitrate","GEMMPDAC",184.517725228185
"citrate/isocitrate","GEMMPDAC",73.0901737241136
"citrate/isocitrate","GEMMPDAC",89.383775508375
"citrate/isocitrate","GEMMPDAC",100.258297156472
"citrate/isocitrate","flankPDAC",73.0147456410281
"citrate/isocitrate","flankPDAC",115.109411642299
"citrate/isocitrate","flankPDAC",166.346454481004
"citrate/isocitrate","flankPDAC",74.5254416979854
"citrate/isocitrate","GEMMNSCLC",183.82733952108
"citrate/isocitrate","GEMMNSCLC",103.643260853392
"citrate/isocitrate","GEMMNSCLC",89.0585143518067
"citrate/isocitrate","flankNSCLC",228.82163125434
"citrate/isocitrate","flankNSCLC",521.115641601185
"citrate/isocitrate","flankNSCLC",84.8087426033351
"citrate/isocitrate","flankNSCLC",74.356315461278
"malate","xenograftCRC",96.3630875414782
"malate","xenograftCRC",124.309812354672
"malate","xenograftCRC",87.5028071921354
"malate","xenograftCRC",70.8856946688228
"malate","GEMMPDAC",75.5812542170933
"malate","GEMMPDAC",64.5813576314523
"malate","GEMMPDAC",202.485507024741
"malate","GEMMPDAC",115.094700748573
"malate","flankPDAC",100.344178160964
"malate","flankPDAC",143.746458039389
"malate","flankPDAC",61.1394517219785
"malate","flankPDAC",131.581421381771
"malate","GEMMNSCLC",208.792563997354
"malate","GEMMNSCLC",228.786974637605
"malate","GEMMNSCLC",196.416959536638
"malate","GEMMNSCLC",164.602253861789
"malate","flankNSCLC",143.066706518383
"malate","flankNSCLC",237.383395381089
"malate","flankNSCLC",98.8077680176172
"malate","flankNSCLC",136.230842093598
"succinate","xenograftCRC",124.712107121882
"succinate","xenograftCRC",66.7282762908908
"succinate","xenograftCRC",161.082157618957
"succinate","xenograftCRC",116.011360936884
"succinate","GEMMPDAC",109.856596127571
"succinate","GEMMPDAC",89.3414612411128
"succinate","GEMMPDAC",208.809155270527
"succinate","GEMMPDAC",128.839664734182
"succinate","flankPDAC",144.548878693933
"succinate","flankPDAC",176.669904107956
"succinate","flankPDAC",153.872918992047
"succinate","flankPDAC",186.130853596536
"succinate","GEMMNSCLC",204.491051162744
"succinate","GEMMNSCLC",174.862884172819
"succinate","GEMMNSCLC",192.140320030004
"succinate","GEMMNSCLC",174.649314589183
"succinate","flankNSCLC",199.706761555299
"succinate","flankNSCLC",375.061502167788
"succinate","flankNSCLC",142.844008496658
"succinate","flankNSCLC",175.65537421396
